This is LuaHBTeX, Version 1.18.0 (TeX Live 2024)  (format=lualatex 2024.4.13)  14 SEP 2026 16:56
 restricted system commands enabled.
**bindu.tex
(./bindu.tex
LaTeX2e <2023-11-01> patch level 1
L3 programming layer <2024-03-14>
Lua module: luaotfload 2024-02-14 3.28 Lua based OpenType font support
Lua module: lualibs 2023-07-13 2.76 ConTeXt Lua standard libraries.
Lua module: lualibs-extended 2023-07-13 2.76 ConTeXt Lua libraries -- extended c
ollection.
luaotfload | conf : Root cache directory is "/home/enjotel/.texlive2024/texmf-va
r/luatex-cache/generic/names".
luaotfload | init : Loading fontloader "fontloader-2023-12-28.lua" from kpse-res
olved path "/usr/local/texlive/2024/texmf-dist/tex/luatex/luaotfload/fontloader-
2023-12-28.lua".
Lua-only attribute luaotfload@noligature = 1
luaotfload | init : Context OpenType loader version 3.134
Inserting `luaotfload.node_processor' in `pre_linebreak_filter'.
Inserting `luaotfload.node_processor' in `hpack_filter'.
Inserting `luaotfload.glyph_stream' in `glyph_stream_provider'.
Inserting `luaotfload.define_font' in `define_font'.
Lua-only attribute luaotfload_color_attribute = 2
luaotfload | conf : Root cache directory is "/home/enjotel/.texlive2024/texmf-va
r/luatex-cache/generic/names".
Inserting `luaotfload.harf.strip_prefix' in `find_opentype_file'.
Inserting `luaotfload.harf.strip_prefix' in `find_truetype_file'.
Removing  `luaotfload.glyph_stream' from `glyph_stream_provider'.
Inserting `luaotfload.harf.glyphstream' in `glyph_stream_provider'.
Inserting `luaotfload.harf.finalize_vlist' in `post_linebreak_filter'.
Inserting `luaotfload.harf.finalize_hlist' in `hpack_filter'.
Inserting `luaotfload.cleanup_files' in `wrapup_run'.
Inserting `luaotfload.harf.finalize_unicode' in `finish_pdffile'.
Inserting `luaotfload.glyphinfo' in `glyph_info'.
Lua-only attribute luaotfload.letterspace_done = 3
Inserting `luaotfload.aux.set_sscale_dimens' in `luaotfload.patch_font'.
Inserting `luaotfload.aux.set_font_index' in `luaotfload.patch_font'.
Inserting `luaotfload.aux.patch_cambria_domh' in `luaotfload.patch_font'.
Inserting `luaotfload.aux.fixup_fontdata' in `luaotfload.patch_font_unsafe'.
Inserting `luaotfload.aux.set_capheight' in `luaotfload.patch_font'.
Inserting `luaotfload.aux.set_xheight' in `luaotfload.patch_font'.
Inserting `luaotfload.rewrite_fontname' in `luaotfload.patch_font'.
Inserting `tracingstacklevels' in `input_level_string'. (./preamble.tex
(/usr/local/texlive/2024/texmf-dist/tex/latex/memoir/memoir.cls
Document Class: memoir 2024/01/26 v3.8.2 configurable book, report, article doc
ument class
(/usr/local/texlive/2024/texmf-dist/tex/latex/xpatch/xpatch.sty
(/usr/local/texlive/2024/texmf-dist/tex/latex/l3kernel/expl3.sty
Package: expl3 2024-03-14 L3 programming layer (loader) 

(/usr/local/texlive/2024/texmf-dist/tex/latex/l3backend/l3backend-luatex.def
File: l3backend-luatex.def 2024-03-14 L3 backend support: PDF output (LuaTeX)
\l__color_backend_stack_int=\count186
Inserting `l3color' in `luaotfload.parse_color'.
\l__pdf_internal_box=\box51
))
Package: xpatch 2020/03/25 v0.3a Extending etoolbox patching commands

(/usr/local/texlive/2024/texmf-dist/tex/latex/l3packages/xparse/xparse.sty
Package: xparse 2024-03-14 L3 Experimental document command parser
)
(/usr/local/texlive/2024/texmf-dist/tex/latex/etoolbox/etoolbox.sty
Package: etoolbox 2020/10/05 v2.5k e-TeX tools for LaTeX (JAW)
\etb@tempcnta=\count187
))
\onelineskip=\skip48
\lxvchars=\skip49
\xlvchars=\skip50
\@memcnta=\count188
\c@@memmarkcntra=\count189

(/usr/local/texlive/2024/texmf-dist/tex/generic/iftex/iftex.sty
Package: iftex 2022/02/03 v1.0f TeX engine tests
)
\trimtop=\skip51
\trimedge=\skip52

(/usr/local/texlive/2024/texmf-dist/tex/latex/memoir/mem11.clo
File: mem11.clo 2022/07/29 v0.5 memoir class 11pt size option
luaotfload | db : Font names database loaded from /home/enjotel/.texlive2024/tex
mf-var/luatex-cache/generic/names/luaotfload-names.luc.gz)
\binding=\skip53
\spinemargin=\skip54
\foremargin=\skip55
\uppermargin=\skip56
\lowermargin=\skip57
\headdrop=\skip58
\normalrulethickness=\skip59
\mem@maxheadheight=\skip60
\mem@maxfootheight=\skip61
\headwidth=\skip62
\c@storedpagenumber=\count190
\memPD=\dimen139
\m@mabparskip=\skip63
\thanksmarkwidth=\skip64
\thanksmarksep=\skip65
\droptitle=\skip66
\c@book=\count191
\c@part=\count192
\c@chapter=\count193
\c@section=\count194
\c@subsection=\count195
\c@subsubsection=\count196
\c@paragraph=\count197
\c@subparagraph=\count198
\beforechapskip=\skip67
\midchapskip=\skip68
\afterchapskip=\skip69
\chapindent=\skip70
\bottomsectionskip=\skip71
\secindent=\skip72
\beforesecskip=\skip73
\aftersecskip=\skip74
\subsecindent=\skip75
\beforesubsecskip=\skip76
\aftersubsecskip=\skip77
\subsubsecindent=\skip78
\beforesubsubsecskip=\skip79
\aftersubsubsecskip=\skip80
\paraindent=\skip81
\beforeparaskip=\skip82
\afterparaskip=\skip83
\subparaindent=\skip84
\beforesubparaskip=\skip85
\aftersubparaskip=\skip86
\pfbreakskip=\skip87
\c@@ppsavesec=\count199
\c@@ppsaveapp=\count266
\ragrparindent=\dimen140
\everylistparindent=\dimen141
\parsepi=\skip88
\topsepi=\skip89
\itemsepi=\skip90
\parsepii=\skip91
\topsepii=\skip92
\topsepiii=\skip93
\itemsepii=\skip94
\itemsepiii=\skip95
\partopsepii=\skip96
\partopsepiii=\skip97
\m@msavetopsep=\skip98
\m@msavepartopsep=\skip99
\@enLab=\toks17
\abstitleskip=\skip100
\absleftindent=\skip101
\abs@leftindent=\dimen142
\absrightindent=\skip102
\absparindent=\skip103
\absparsep=\skip104
\c@vslineno=\count267
\c@poemline=\count268
\c@modulo@vs=\count269
\c@memfvsline=\count270
\vleftskip=\skip105
\vrightskip=\skip106
\stanzaskip=\skip107
\versewidth=\skip108
\vgap=\skip109
\vindent=\skip110
\vleftmargin=\dimen143
\c@verse=\count271
\c@chrsinstr=\count272
\beforepoemtitleskip=\skip111
\afterpoemtitleskip=\skip112
\c@poem=\count273
\beforePoemTitleskip=\skip113
\midPoemTitleskip=\skip114
\afterPoemTitleskip=\skip115

(/usr/local/texlive/2024/texmf-dist/tex/latex/tools/array.sty
Package: array 2023/10/16 v2.5g Tabular extension package (FMi)
\col@sep=\dimen144
\ar@mcellbox=\box52
\extrarowheight=\dimen145
\NC@list=\toks18
\extratabsurround=\skip116
\backup@length=\skip117
\ar@cellbox=\box53
)
(/usr/local/texlive/2024/texmf-dist/tex/latex/tools/dcolumn.sty
Package: dcolumn 2023/07/08 v1.06 decimal alignment package (DPC)
)
(/usr/local/texlive/2024/texmf-dist/tex/latex/tools/delarray.sty
Package: delarray 2014/10/28 v1.01 array delimiter package (DPC)
)
(/usr/local/texlive/2024/texmf-dist/tex/latex/tools/tabularx.sty
Package: tabularx 2023/07/08 v2.11c `tabularx' package (DPC)
\TX@col@width=\dimen146
\TX@old@table=\dimen147
\TX@old@col=\dimen148
\TX@target=\dimen149
\TX@delta=\dimen150
\TX@cols=\count274
\TX@ftn=\toks19
)
(/usr/local/texlive/2024/texmf-dist/tex/latex/booktabs/booktabs.sty
Package: booktabs 2020/01/12 v1.61803398 Publication quality tables
\heavyrulewidth=\dimen151
\lightrulewidth=\dimen152
\cmidrulewidth=\dimen153
\belowrulesep=\dimen154
\belowbottomsep=\dimen155
\aboverulesep=\dimen156
\abovetopsep=\dimen157
\cmidrulesep=\dimen158
\cmidrulekern=\dimen159
\defaultaddspace=\dimen160
\@cmidla=\count275
\@cmidlb=\count276
\@aboverulesep=\dimen161
\@belowrulesep=\dimen162
\@thisruleclass=\count277
\@lastruleclass=\count278
\@thisrulewidth=\dimen163
)
\ctableftskip=\skip118
\ctabrightskip=\skip119
\abovecolumnspenalty=\count279
\@linestogo=\count280
\@cellstogo=\count281
\@cellsincolumn=\count282
\crtok=\toks20
\@mincolumnwidth=\dimen164
\c@newflo@tctr=\count283
\mem@margin@floatbox=\box54
\@contcwidth=\skip120
\@contindw=\skip121
\abovecaptionskip=\skip122
\belowcaptionskip=\skip123
\subfloattopskip=\skip124
\subfloatcapskip=\skip125
\subfloatcaptopadj=\skip126
\subfloatbottomskip=\skip127
\subfloatlabelskip=\skip128
\subfloatcapmargin=\dimen165
\c@@contsubnum=\count284
\m@mscap@capbox=\box55
\m@mscap@fbox=\box56
\sidecapsep=\dimen166
\sidecapwidth=\dimen167
\m@m@tempdima=\dimen168
\m@mscapraise=\dimen169
\sidecapraise=\dimen170
\m@mscapmainwidth=\dimen171
\m@mscaplkern=\dimen172
\beforeepigraphskip=\skip129
\afterepigraphskip=\skip130
\epigraphwidth=\skip131
\epigraphrule=\skip132
LaTeX Info: Redefining \em on input line 6932.
LaTeX Info: Redefining \emph on input line 6940.

(/usr/local/texlive/2024/texmf-dist/tex/latex/hyperref/nameref.sty
Package: nameref 2023-11-26 v2.56 Cross-referencing by name of section

(/usr/local/texlive/2024/texmf-dist/tex/latex/refcount/refcount.sty
Package: refcount 2019/12/15 v3.6 Data extraction from label references (HO)

(/usr/local/texlive/2024/texmf-dist/tex/generic/ltxcmds/ltxcmds.sty
Package: ltxcmds 2023-12-04 v1.26 LaTeX kernel commands for general use (HO)
)
(/usr/local/texlive/2024/texmf-dist/tex/generic/infwarerr/infwarerr.sty
Package: infwarerr 2019/12/03 v1.5 Providing info/warning/error messages (HO)
))
(/usr/local/texlive/2024/texmf-dist/tex/generic/gettitlestring/gettitlestring.s
ty
Package: gettitlestring 2019/12/15 v1.6 Cleanup title references (HO)
 (/usr/local/texlive/2024/texmf-dist/tex/latex/kvoptions/kvoptions.sty
Package: kvoptions 2022-06-15 v3.15 Key value format for package options (HO)

(/usr/local/texlive/2024/texmf-dist/tex/latex/graphics/keyval.sty
Package: keyval 2022/05/29 v1.15 key=value parser (DPC)
\KV@toks@=\toks21
)
(/usr/local/texlive/2024/texmf-dist/tex/latex/kvsetkeys/kvsetkeys.sty
Package: kvsetkeys 2022-10-05 v1.19 Key value parser (HO)
)))
\c@section@level=\count285
)
\tocentryskip=\skip133
\tocbaseline=\skip134
\cftparskip=\skip135
\cftbeforebookskip=\skip136
\cftbookindent=\dimen173
\cftbooknumwidth=\dimen174
\cftbeforepartskip=\skip137
\cftpartindent=\skip138
\cftpartnumwidth=\skip139
\cftbeforechapterskip=\skip140
\cftchapterindent=\skip141
\cftchapternumwidth=\skip142
\cftbeforesectionskip=\skip143
\cftsectionindent=\skip144
\cftsectionnumwidth=\skip145
\cftbeforesubsectionskip=\skip146
\cftsubsectionindent=\skip147
\cftsubsectionnumwidth=\skip148
\cftbeforesubsubsectionskip=\skip149
\cftsubsubsectionindent=\skip150
\cftsubsubsectionnumwidth=\skip151
\cftbeforeparagraphskip=\skip152
\cftparagraphindent=\skip153
\cftparagraphnumwidth=\skip154
\cftbeforesubparagraphskip=\skip155
\cftsubparagraphindent=\skip156
\cftsubparagraphnumwidth=\skip157
\prechapterprecisshift=\dimen175
\c@maxsecnumdepth=\count286
\bibindent=\dimen176
\bibitemsep=\skip158
\indexcolsep=\skip159
\indexrule=\skip160
\indexmarkstyle=\toks22
\@indexbox=\insert252
LaTeX Info: Redefining \raggedbottom on input line 7935.
LaTeX Info: Redefining \flushbottom on input line 7939.
\glossarycolsep=\dimen177
\glossaryrule=\dimen178
\sideparvshift=\skip161
\sideins=\insert251
\sidebartopsep=\skip162
\sidebarhsep=\skip163
\sidebarvsep=\skip164
\sidebarwidth=\skip165
\footmarkwidth=\skip166
\footmarksep=\skip167
\footparindent=\skip168
\footinsdim=\skip169
\footinsv@r=\insert250
\@mpfootinsv@r=\insert249
\m@m@k=\count287
\m@m@h=\dimen179
\m@mipn@skip=\skip170
\sidefootins=\insert248
\sidefootadjust=\skip171
\sidefootheight=\skip172
\sidefoothsep=\skip173
\sidefootvsep=\skip174
\sidefootwidth=\skip175
\m@mdownsf=\skip176
\c@sidefootnote=\count288
\sidefootmarkwidth=\skip177
\sidefootmarksep=\skip178
\sidefootparindent=\skip179
\c@pagenote=\count289
\c@pagenoteshadow=\count290
\mem@pn@lastkern=\skip180

(/usr/local/texlive/2024/texmf-dist/tex/latex/tools/verbatim.sty
Package: verbatim 2023-11-06 v1.5v LaTeX2e package for verbatim enhancements
\every@verbatim=\toks23
\verbatim@line=\toks24
\verbatim@in@stream=\read2
)
\verbatimindent=\skip181
\verbatim@out=\write3

(/usr/local/texlive/2024/texmf-dist/tex/latex/base/shortvrb.sty
Package: shortvrb 2022/11/13 v3.0m Standard LaTeX documentation package V3 (FMi
)
)
\bvboxsep=\skip182
\c@memfbvline=\count291
\c@bvlinectr=\count292
\bvnumlength=\skip183
\fb@frw=\dimen180
\fb@frh=\dimen181
\FrameRule=\dimen182
\FrameSep=\dimen183
\c@cp@cntr=\count293
\c@ism@mctr=\count294
\c@xsm@mctr=\count295
\c@csm@mctr=\count296
\c@ksm@mctr=\count297
\c@xksm@mctr=\count298
\c@cksm@mctr=\count299
\c@msm@mctr=\count300
\c@xmsm@mctr=\count301
\c@cmsm@mctr=\count302
\c@bsm@mctr=\count303
\c@workm@mctr=\count304
\c@sheetsequence=\count305
\c@lastsheet=\count306
\c@lastpage=\count307

(/usr/local/texlive/2024/texmf-dist/tex/latex/textcase/textcase.sty
Package: textcase 2023/07/27 v1.04 Text only upper/lower case changing (DPC)
Package textcase Info: Defining Legacy names on input line 20.
)
\c@figure=\count308
\c@lofdepth=\count309
\cftbeforefigureskip=\skip184
\cftfigureindent=\skip185
\cftfigurenumwidth=\skip186
\c@table=\count310
\c@lotdepth=\count311
\cftbeforetableskip=\skip187
\cfttableindent=\skip188
\cfttablenumwidth=\skip189
Package abstract [2008/07/23] emulated by memoir.
Package appendix [2008/07/23] emulated by memoir.
Package ccaption [2008/07/23] emulated by memoir.
Package changepage [2008/07/23] emulated by memoir.
Package chngcntr [2008/07/23] emulated by memoir.
Package chngpage [2008/07/23] emulated by memoir.
Package crop emulated by memoir.
Package enumerate [2008/07/23] emulated by memoir.
Package epigraph [2008/07/23] emulated by memoir.
Package ifmtarg [2008/07/23] emulated by memoir.
Package index [2008/07/23] emulated by memoir.
Package makeidx [2008/07/23] emulated by memoir.
Package moreverb [2008/07/23] emulated by memoir.
Package needspace [2008/07/23] emulated by memoir.
Package newfile [2008/07/23] emulated by memoir.
Package nextpage [2008/07/23] emulated by memoir.
Package pagenote [2008/07/23] emulated by memoir.
Package parskip [2008/07/23] emulated by memoir.
Package patchcmd [2008/07/23] emulated by memoir.
Package setspace [2008/07/23] emulated by memoir.
Package shortvrb [2008/07/23] emulated by memoir.
Package showidx [2008/07/23] emulated by memoir.
Package titleref [2008/07/23] emulated by memoir.
Package titling [2008/07/23] emulated by memoir.
Package tocbibind [2008/07/23] emulated by memoir.
Package tocloft [2008/07/23] emulated by memoir.
Package tocvsec2 [2008/07/23] emulated by memoir.
Package verbatim [2008/07/23] emulated by memoir.
Package verse [2008/07/23] emulated by memoir.
)

******************************************************
Stock height and width: 682.86613pt by 483.69684pt
Top and edge trims: 0pt and 0pt
Page height and width: 682.86613pt by 483.69684pt
Text height and width: 541.40024pt by 355pt
Spine and edge margins: 51.21495pt and 76.82245pt
Upper and lower margins: 85.35826pt and 56.10764pt
Headheight and headsep: 14pt and 18pt
Footskip: 27.46295pt
Columnsep and columnseprule: 10pt and 0pt
Marginparsep and marginparwidth: 7pt and 62.82245pt
Sidecapsep and sidecapwidth: 7pt and 111pt
Sidebarhsep and sidebarwidth: 7pt and 111pt
Sidebarvsep and sidebartopsep: 13.6pt and 0pt
Sidebarheight: 539.9202pt
Sidefoothsep and sidefootwidth: 7pt and 111pt
Sidefootvsep and sidefootheight: 13.6pt and 539.9202pt
******************************************************

(/usr/local/texlive/2024/texmf-dist/tex/latex/hyphenat/hyphenat.sty
Package: hyphenat 2009/09/02 v2.3c hyphenation utilities


Package hyphenat Warning: *******************************
(hyphenat)                * You have used the htt option.
(hyphenat)                * You are likely to get many Font Warning messages.
(hyphenat)                * These can usually be ignored.
(hyphenat)                *******************************.

\langwohyphens=\language2
LaTeX Info: Redefining \_ on input line 43.
) (/usr/local/texlive/2024/texmf-dist/tex/generic/babel/babel.sty
Package: babel 2024/03/29 v24.3 The Babel package

(/usr/local/texlive/2024/texmf-dist/tex/generic/babel/luababel.def
\bbl@readstream=\read3
\l@dumylang=\language3
Package babel Info: Non-standard hyphenation setup on input line 118.
\l@nohyphenation=\language4
\l@vietnamese=\language5
\l@hebrew=\language6
\l@german-x-2024-02-28=\language7
\l@ngerman-x-2024-02-28=\language8
\l@afrikaans=\language9
\l@ancientgreek=\language10
\l@ibycus=\language11
\l@arabic=\language12
\l@armenian=\language13
\l@basque=\language14
\l@belarusian=\language15
\l@bulgarian=\language16
\l@catalan=\language17
\l@pinyin=\language18
\l@churchslavonic=\language19
\l@coptic=\language20
\l@croatian=\language21
\l@czech=\language22
\l@danish=\language23
\l@dutch=\language24
\l@ukenglish=\language25
\l@usenglishmax=\language26
\l@esperanto=\language27
\l@estonian=\language28
\l@ethiopic=\language29
\l@farsi=\language30
\l@finnish=\language31
\l@schoolfinnish=\language32
\l@french=\language33
\l@friulan=\language34
\l@galician=\language35
\l@georgian=\language36
\l@german=\language37
\l@ngerman=\language38
\l@swissgerman=\language39
\l@greek=\language40
\l@monogreek=\language41
\l@hungarian=\language42
\l@icelandic=\language43
\l@assamese=\language44
\l@bengali=\language45
\l@gujarati=\language46
\l@hindi=\language47
\l@kannada=\language48
\l@malayalam=\language49
\l@marathi=\language50
\l@oriya=\language51
\l@pali=\language52
\l@panjabi=\language53
\l@tamil=\language54
\l@telugu=\language55
\l@indonesian=\language56
\l@interlingua=\language57
\l@irish=\language58
\l@italian=\language59
\l@kurmanji=\language60
\l@classiclatin=\language61
\l@latin=\language62
\l@liturgicallatin=\language63
\l@latvian=\language64
\l@lithuanian=\language65
\l@macedonian=\language66
\l@mongolian=\language67
\l@mongolianlmc=\language68
\l@bokmal=\language69
\l@nynorsk=\language70
\l@occitan=\language71
\l@piedmontese=\language72
\l@polish=\language73
\l@portuguese=\language74
\l@romanian=\language75
\l@romansh=\language76
\l@russian=\language77
\l@sanskrit=\language78
\l@serbian=\language79
\l@serbianc=\language80
\l@slovak=\language81
\l@slovenian=\language82
\l@spanish=\language83
\l@swedish=\language84
\l@thai=\language85
\l@turkish=\language86
\l@turkmen=\language87
\l@ukrainian=\language88
\l@uppersorbian=\language89
\l@welsh=\language90
\babelcatcodetablenum=\catcodetable14
\bbl@pattcodes=\catcodetable15
)
\babel@savecnt=\count312
\U@D=\dimen184
\l@unhyphenated=\language91

(/usr/local/texlive/2024/texmf-dist/tex/generic/babel/luababel.def
\bbl@attr@locale=\attribute4
)
(/usr/local/texlive/2024/texmf-dist/tex/generic/babel-english/english.ldf
Language: english 2017/06/06 v3.3r English support from the babel system
Package babel Info: Hyphen rules for 'canadian' set to \l@english
(babel)             (\language0). Reported on input line 102.
Package babel Info: Hyphen rules for 'australian' set to \l@ukenglish
(babel)             (\language25). Reported on input line 105.
Package babel Info: Hyphen rules for 'newzealand' set to \l@ukenglish
(babel)             (\language25). Reported on input line 108.
))
(/usr/local/texlive/2024/texmf-dist/tex/generic/babel/locale/en/babel-english.t
ex
Package babel Info: Importing font and identification data for english
(babel)             from babel-en.ini. Reported on input line 11.
) (./babel-iast/babel-iast.sty
Package babel Info: Importing data for iast
(babel)             from babel-sa-Deva.ini. Reported on input line 1.
Package babel Info: Hyphen rules for 'iast' set to \l@sanskrit
(babel)             (\language78). Reported on input line 1.
Inserting `Babel.hyphenate' in `hyphenate'.)
(/usr/local/texlive/2024/texmf-dist/tex/latex/fontspec/fontspec.sty
Package: fontspec 2024/02/13 v2.9a Font selection for XeLaTeX and LuaLaTeX
Lua module: fontspec 2024/02/13 2.9a Font selection for XeLaTeX and LuaLaTeX
(/usr/local/texlive/2024/texmf-dist/tex/latex/fontspec/fontspec-luatex.sty
Package: fontspec-luatex 2024/02/13 v2.9a Font selection for XeLaTeX and LuaLaT
eX
\l__fontspec_script_int=\count313
\l__fontspec_language_int=\count314
\l__fontspec_strnum_int=\count315
\l__fontspec_tmp_int=\count316
\l__fontspec_tmpa_int=\count317
\l__fontspec_tmpb_int=\count318
\l__fontspec_tmpc_int=\count319
\l__fontspec_em_int=\count320
\l__fontspec_emdef_int=\count321
\l__fontspec_strong_int=\count322
\l__fontspec_strongdef_int=\count323
\l__fontspec_tmpa_dim=\dimen185
\l__fontspec_tmpb_dim=\dimen186
\l__fontspec_tmpc_dim=\dimen187

(/usr/local/texlive/2024/texmf-dist/tex/latex/base/fontenc.sty
Package: fontenc 2021/04/29 v2.0v Standard LaTeX package
)
(/usr/local/texlive/2024/texmf-dist/tex/latex/fontspec/fontspec.cfg)))
(/usr/local/texlive/2024/texmf-dist/tex/latex/pdflscape/pdflscape.sty
Package: pdflscape 2022-10-27 v0.13 Display of landscape pages in PDF

(/usr/local/texlive/2024/texmf-dist/tex/latex/pdflscape/pdflscape-nometadata.st
y
Package: pdflscape-nometadata 2022-10-28 v0.13 Display of landscape pages in PD
F (HO)
 (/usr/local/texlive/2024/texmf-dist/tex/latex/graphics/lscape.sty
Package: lscape 2020/05/28 v3.02 Landscape Pages (DPC)

(/usr/local/texlive/2024/texmf-dist/tex/latex/graphics/graphics.sty
Package: graphics 2022/03/10 v1.4e Standard LaTeX Graphics (DPC,SPQR)

(/usr/local/texlive/2024/texmf-dist/tex/latex/graphics/trig.sty
Package: trig 2021/08/11 v1.11 sin cos tan (DPC)
)
(/usr/local/texlive/2024/texmf-dist/tex/latex/graphics-cfg/graphics.cfg
File: graphics.cfg 2016/06/04 v1.11 sample graphics configuration
)
Package graphics Info: Driver file: luatex.def on input line 107.

(/usr/local/texlive/2024/texmf-dist/tex/latex/graphics-def/luatex.def
File: luatex.def 2022/09/22 v1.2d Graphics/color driver for luatex
)))
Package pdflscape Info: Auto-detected driver: pdftex on input line 81.
))
(/usr/local/texlive/2024/texmf-dist/tex/latex/graphics/graphicx.sty
Package: graphicx 2021/09/16 v1.2d Enhanced LaTeX Graphics (DPC,SPQR)
\Gin@req@height=\dimen188
\Gin@req@width=\dimen189
)
(/usr/local/texlive/2024/texmf-dist/tex/latex/url/url.sty
\Urlmuskip=\muskip16
Package: url 2013/09/16  ver 3.4  Verb mode for urls, etc.
)
(/usr/local/texlive/2024/texmf-dist/tex/latex/microtype/microtype.sty
Package: microtype 2024/03/29 v3.1b Micro-typographical refinements (RS)
\MT@toks=\toks25
\MT@tempbox=\box57
\MT@count=\count324
LaTeX Info: Redefining \noprotrusionifhmode on input line 1061.
LaTeX Info: Redefining \leftprotrusion on input line 1062.
\MT@prot@toks=\toks26
LaTeX Info: Redefining \rightprotrusion on input line 1081.
LaTeX Info: Redefining \textls on input line 1392.
\MT@outer@kern=\dimen190
LaTeX Info: Redefining \textmicrotypecontext on input line 2013.
\MT@listname@count=\count325

(/usr/local/texlive/2024/texmf-dist/tex/latex/microtype/microtype-luatex.def
File: microtype-luatex.def 2024/03/29 v3.1b Definitions specific to luatex (RS)

Lua module: microtype 2024/03/29 3.1b microtype module.
Module microtype Info: overwriting function `keepligature' on input line 63
LaTeX Info: Redefining \lsstyle on input line 693.
LaTeX Info: Redefining \lslig on input line 693.
\MT@outer@space=\skip190
)
Package microtype Info: Loading configuration file microtype.cfg.

(/usr/local/texlive/2024/texmf-dist/tex/latex/microtype/microtype.cfg
File: microtype.cfg 2024/03/29 v3.1b microtype main configuration file (RS)
))
(/usr/local/texlive/2024/texmf-dist/tex/latex/lineno/lineno.sty
Package: lineno 2023/05/20 line numbers on paragraphs v5.3
\linenopenalty=\count326
\output=\toks27
\linenoprevgraf=\count327
\linenumbersep=\dimen191
\linenumberwidth=\dimen192
\c@linenumber=\count328
\c@pagewiselinenumber=\count329
\c@LN@truepage=\count330
\c@internallinenumber=\count331
\c@internallinenumbers=\count332
\quotelinenumbersep=\dimen193
\bframerule=\dimen194
\bframesep=\dimen195
\bframebox=\box58
LaTeX Info: Redefining \\ on input line 3180.
)
(/usr/local/texlive/2024/texmf-dist/tex/latex/multirow/multirow.sty
Package: multirow 2021/03/15 v2.8 Span multiple rows of a table
\multirow@colwidth=\skip191
\multirow@cntb=\count333
\multirow@dima=\skip192
\bigstrutjot=\dimen196
)
(/usr/local/texlive/2024/texmf-dist/tex/latex/caption/caption.sty
Package: caption 2023/08/05 v3.6o Customizing captions (AR)

(/usr/local/texlive/2024/texmf-dist/tex/latex/caption/caption3.sty
Package: caption3 2023/07/31 v2.4d caption3 kernel (AR)
\caption@tempdima=\dimen197
\captionmargin=\dimen198
\caption@leftmargin=\dimen199
\caption@rightmargin=\dimen256
\caption@width=\dimen257
\caption@indent=\dimen258
\caption@parindent=\dimen259
\caption@hangindent=\dimen260
Package caption Info: memoir document class detected.

(/usr/local/texlive/2024/texmf-dist/tex/latex/caption/caption-memoir.sto
File: caption-memoir.sto 2023/09/08 v2.2c Adaption of the caption package to th
e memoir document class (AR)
))
\c@caption@flags=\count334
\c@continuedfloat=\count335
Package caption Info: changepage package is loaded.
\caption@adjustwidth@hsize=\dimen261
\caption@adjustwidth@linewidth=\dimen262
)
(/usr/local/texlive/2024/texmf-dist/tex/latex/ragged2e/ragged2e.sty
Package: ragged2e 2023/06/22 v3.6 ragged2e Package
\CenteringLeftskip=\skip193
\RaggedLeftLeftskip=\skip194
\RaggedRightLeftskip=\skip195
\CenteringRightskip=\skip196
\RaggedLeftRightskip=\skip197
\RaggedRightRightskip=\skip198
\CenteringParfillskip=\skip199
\RaggedLeftParfillskip=\skip256
\RaggedRightParfillskip=\skip257
\JustifyingParfillskip=\skip258
\CenteringParindent=\skip259
\RaggedLeftParindent=\skip260
\RaggedRightParindent=\skip261
\JustifyingParindent=\skip262
)
(/usr/local/texlive/2024/texmf-dist/tex/latex/tools/longtable.sty
Package: longtable 2023-11-01 v4.19 Multi-page Table package (DPC)
\LTleft=\skip263
\LTright=\skip264
\LTpre=\skip265
\LTpost=\skip266
\LTchunksize=\count336
\LTcapwidth=\dimen263
\LT@head=\box59
\LT@firsthead=\box60
\LT@foot=\box61
\LT@lastfoot=\box62
\LT@gbox=\box63
\LT@cols=\count337
\LT@rows=\count338
\c@LT@tables=\count339
\c@LT@chunks=\count340
\LT@p@ftn=\toks28
)
(/usr/local/texlive/2024/texmf-dist/tex/latex/float/float.sty
Package: float 2001/11/08 v1.3d Float enhancements (AL)
\c@float@type=\count341
\float@exts=\toks29
\float@box=\box64
\@float@everytoks=\toks30
\@floatcapt=\box65
)
(/usr/local/texlive/2024/texmf-dist/tex/latex/xcolor/xcolor.sty
Package: xcolor 2023/11/15 v3.01 LaTeX color extensions (UK)

(/usr/local/texlive/2024/texmf-dist/tex/latex/graphics-cfg/color.cfg
File: color.cfg 2016/01/02 v1.6 sample color configuration
)
Package xcolor Info: Driver file: luatex.def on input line 274.

(/usr/local/texlive/2024/texmf-dist/tex/latex/graphics/mathcolor.ltx)
Package xcolor Info: Model `cmy' substituted by `cmy0' on input line 1350.
Package xcolor Info: Model `hsb' substituted by `rgb' on input line 1354.
Package xcolor Info: Model `RGB' extended on input line 1366.
Package xcolor Info: Model `HTML' substituted by `rgb' on input line 1368.
Package xcolor Info: Model `Hsb' substituted by `hsb' on input line 1369.
Package xcolor Info: Model `tHsb' substituted by `hsb' on input line 1370.
Package xcolor Info: Model `HSB' substituted by `hsb' on input line 1371.
Package xcolor Info: Model `Gray' substituted by `gray' on input line 1372.
Package xcolor Info: Model `wave' substituted by `hsb' on input line 1373.
)
(/usr/local/texlive/2024/texmf-dist/tex/latex/graphics/dvipsnam.def
File: dvipsnam.def 2016/06/17 v3.0m Driver-dependent file (DPC,SPQR)
)
(/usr/local/texlive/2024/texmf-dist/tex/latex/lettrine/lettrine.sty
File: lettrine.sty 2024-01-20 v2.60 (Daniel Flipo)

(/usr/local/texlive/2024/texmf-dist/tex/latex/l3packages/xfp/xfp.sty
Package: xfp 2024-03-14 L3 Floating point unit
)
\c@DefaultLines=\count342
\c@DefaultDepth=\count343
\DefaultFindent=\dimen264
\DefaultNindent=\dimen265
\DefaultSlope=\dimen266
\DiscardVskip=\dimen267
\L@lettrine=\box66
\L@lbox=\box67
\L@tbox=\box68
\c@L@lines=\count344
\c@L@depth=\count345
\L@Pindent=\dimen268
\L@Findent=\dimen269
\L@Nindent=\dimen270
\L@lraise=\dimen271
\L@first=\dimen272
\L@next=\dimen273
\L@slope=\dimen274
\L@height=\dimen275
\L@novskip=\dimen276
\L@ruleht=\dimen277
\L@target@ht=\dimen278
\L@target@dp=\dimen279
\L@target@tht=\dimen280
\LettrineWidth=\dimen281
\LettrineHeight=\dimen282
\LettrineDepth=\dimen283

Loading lettrine.cfg
(/usr/local/texlive/2024/texmf-dist/tex/latex/lettrine/lettrine.cfg)
\Llist@everypar=\toks31
)
(/usr/local/texlive/2024/texmf-dist/tex/latex/comment/comment.sty
\CommentStream=\write4

Excluding comment 'comment')
\bindu@idxfile=\write5

\openout5 = bindu.idx

Writing index file bindu.idx 
luaotfload | cache : Lookup cache loaded from /home/enjotel/.texlive2024/texmf-v
ar/luatex-cache/generic/names/luaotfload-lookup-cache.luc.
luaotfload | aux : font no 20 (nil) defines no feature for script dev2

Package fontspec Info: Sanskrit2003 scale = 1.1.


Package fontspec Warning: Input mapping not supported in LuaTeX.


Package fontspec Info: Could not resolve font "Sanskrit2003/BI" (it probably
(fontspec)             doesn't exist).


Package fontspec Info: Could not resolve font "Sanskrit2003/B" (it probably
(fontspec)             doesn't exist).


Package fontspec Info: Could not resolve font "Sanskrit2003/I" (it probably
(fontspec)             doesn't exist).


Package fontspec Info: Sanskrit2003 scale = 1.1.


Package fontspec Warning: Input mapping not supported in LuaTeX.

luaotfload | aux : font no 22 (nil) does not define feature smcp for script deva
 with language dflt

Package fontspec Info: Font family 'Sanskrit2003(0)' created for font
(fontspec)             'Sanskrit2003' with options
(fontspec)             [Script=Devanagari,Mapping=RomDev,Scale=1.1].
(fontspec)              
(fontspec)              This font family consists of the following NFSS
(fontspec)             series/shapes:
(fontspec)              
(fontspec)             - 'normal' (m/n) with NFSS spec.:
(fontspec)             <->s*[1.1]"name:Sanskrit2003:mode=node;script=deva;langu
age=dflt;"
(fontspec)             - 'small caps'  (m/sc) with NFSS spec.: 

(/usr/local/texlive/2024/texmf-dist/tex/latex/psnfss/pifont.sty
Package: pifont 2020/03/25 PSNFSS-v9.3 Pi font support (SPQR) 
LaTeX Font Info:    Trying to load font information for U+pzd on input line 63.


(/usr/local/texlive/2024/texmf-dist/tex/latex/psnfss/upzd.fd
File: upzd.fd 2001/06/04 font definitions for U/pzd.
)
LaTeX Font Info:    Trying to load font information for U+psy on input line 64.


(/usr/local/texlive/2024/texmf-dist/tex/latex/psnfss/upsy.fd
File: upsy.fd 2001/06/04 font definitions for U/psy.
))
(/usr/local/texlive/2024/texmf-dist/tex/latex/fourier/fourier-orns.sty
Package: fourier-orns 2022/02/05 2.3 fourier-ornaments package
luaotfload | aux : font no 26 (nil) defines no feature for script latn
luaotfload | aux : font no 26 (nil) defines no feature for script dflt

Package fontspec Info: Font family 'FourierOrns-Regular.otf(0)' created for
(fontspec)             font 'FourierOrns-Regular.otf' with options [BoldFont =
(fontspec)             FourierOrns-Regular.otf,ItalicFont =
(fontspec)             FourierOrns-Regular.otf,BoldItalicFont =
(fontspec)             FourierOrns-Regular.otf].
(fontspec)              
(fontspec)              This font family consists of the following NFSS
(fontspec)             series/shapes:
(fontspec)              
(fontspec)             - 'normal' (m/n) with NFSS spec.:
(fontspec)             <->"[FourierOrns-Regular.otf]:mode=node;language=dflt;"
(fontspec)             - 'small caps'  (m/sc) with NFSS spec.: 
(fontspec)             - 'bold' (b/n) with NFSS spec.:
(fontspec)             <->"[FourierOrns-Regular.otf]:mode=node;language=dflt;"
(fontspec)             - 'bold small caps'  (b/sc) with NFSS spec.: 
(fontspec)             - 'italic' (m/it) with NFSS spec.:
(fontspec)             <->"[FourierOrns-Regular.otf]:mode=node;language=dflt;"
(fontspec)             - 'italic small caps'  (m/scit) with NFSS spec.: 
(fontspec)             - 'bold italic' (b/it) with NFSS spec.:
(fontspec)             <->"[FourierOrns-Regular.otf]:mode=node;language=dflt;"
(fontspec)             - 'bold italic small caps'  (b/scit) with NFSS spec.: 

)
(/usr/local/texlive/2024/texmf-dist/tex/latex/pst-vectorian/psvectorian.sty
(/usr/local/texlive/2024/texmf-dist/tex/latex/pstricks/pstricks.sty
Package: pstricks 2024/02/02 v0.75 LaTeX wrapper for `PSTricks' (RN,HV)

(/usr/local/texlive/2024/texmf-dist/tex/generic/xkeyval/pst-xkey.tex
File: pst-xkey.tex 2005/11/25 v1.6 PSTricks specialization of xkeyval (HA)

(/usr/local/texlive/2024/texmf-dist/tex/latex/xkeyval/xkeyval.sty
Package: xkeyval 2022/06/16 v2.9 package option processing (HA)

(/usr/local/texlive/2024/texmf-dist/tex/generic/xkeyval/xkeyval.tex
(/usr/local/texlive/2024/texmf-dist/tex/generic/xkeyval/xkvutils.tex
\XKV@toks=\toks32
\XKV@tempa@toks=\toks33
)
\XKV@depth=\count346
File: xkeyval.tex 2014/12/03 v2.7a key=value parser (HA)
)))
(/usr/local/texlive/2024/texmf-dist/tex/generic/pstricks/pstricks.tex
(/usr/local/texlive/2024/texmf-dist/tex/generic/pstricks/pst-fp.tex
`pst-fp' v0.06, 2020/11/20 (hv)
\pstFP@xs=\count347
\pstFP@xia=\count348
\pstFP@xib=\count349
\pstFP@xfa=\count350
\pstFP@xfb=\count351
\pstFP@rega=\count352
\pstFP@regb=\count353
\pstFP@regs=\count354
\pstFP@times=\count355
)
(/usr/local/texlive/2024/texmf-dist/tex/latex/pgf/utilities/pgffor.sty
(/usr/local/texlive/2024/texmf-dist/tex/latex/pgf/utilities/pgfrcs.sty
(/usr/local/texlive/2024/texmf-dist/tex/generic/pgf/utilities/pgfutil-common.te
x
\pgfutil@everybye=\toks34
\pgfutil@tempdima=\dimen284
\pgfutil@tempdimb=\dimen285
)
(/usr/local/texlive/2024/texmf-dist/tex/generic/pgf/utilities/pgfutil-latex.def
\pgfutil@abb=\box69
) (/usr/local/texlive/2024/texmf-dist/tex/generic/pgf/utilities/pgfrcs.code.tex
(/usr/local/texlive/2024/texmf-dist/tex/generic/pgf/pgf.revision.tex)
Package: pgfrcs 2023-01-15 v3.1.10 (3.1.10)
))
(/usr/local/texlive/2024/texmf-dist/tex/latex/pgf/utilities/pgfkeys.sty
(/usr/local/texlive/2024/texmf-dist/tex/generic/pgf/utilities/pgfkeys.code.tex
\pgfkeys@pathtoks=\toks35
\pgfkeys@temptoks=\toks36

(/usr/local/texlive/2024/texmf-dist/tex/generic/pgf/utilities/pgfkeyslibraryfil
tered.code.tex
\pgfkeys@tmptoks=\toks37
)))
(/usr/local/texlive/2024/texmf-dist/tex/latex/pgf/math/pgfmath.sty
(/usr/local/texlive/2024/texmf-dist/tex/generic/pgf/math/pgfmath.code.tex
(/usr/local/texlive/2024/texmf-dist/tex/generic/pgf/math/pgfmathutil.code.tex
\pgf@x=\dimen286
\pgf@xa=\dimen287
\pgf@xb=\dimen288
\pgf@xc=\dimen289
\pgf@y=\dimen290
\pgf@ya=\dimen291
\pgf@yb=\dimen292
\pgf@yc=\dimen293
\c@pgf@counta=\count356
\c@pgf@countb=\count357
\c@pgf@countc=\count358
\c@pgf@countd=\count359
)
(/usr/local/texlive/2024/texmf-dist/tex/generic/pgf/math/pgfmathparser.code.tex
\pgfmath@dimen=\dimen294
\pgfmath@count=\count360
\pgfmath@box=\box70
\pgfmath@toks=\toks38
\pgfmath@stack@operand=\toks39
\pgfmath@stack@operation=\toks40
)
(/usr/local/texlive/2024/texmf-dist/tex/generic/pgf/math/pgfmathfunctions.code.
tex)
(/usr/local/texlive/2024/texmf-dist/tex/generic/pgf/math/pgfmathfunctions.basic
.code.tex)
(/usr/local/texlive/2024/texmf-dist/tex/generic/pgf/math/pgfmathfunctions.trigo
nometric.code.tex)
(/usr/local/texlive/2024/texmf-dist/tex/generic/pgf/math/pgfmathfunctions.rando
m.code.tex)
(/usr/local/texlive/2024/texmf-dist/tex/generic/pgf/math/pgfmathfunctions.compa
rison.code.tex)
(/usr/local/texlive/2024/texmf-dist/tex/generic/pgf/math/pgfmathfunctions.base.
code.tex)
(/usr/local/texlive/2024/texmf-dist/tex/generic/pgf/math/pgfmathfunctions.round
.code.tex)
(/usr/local/texlive/2024/texmf-dist/tex/generic/pgf/math/pgfmathfunctions.misc.
code.tex)
(/usr/local/texlive/2024/texmf-dist/tex/generic/pgf/math/pgfmathfunctions.integ
erarithmetics.code.tex)
(/usr/local/texlive/2024/texmf-dist/tex/generic/pgf/math/pgfmathcalc.code.tex)
(/usr/local/texlive/2024/texmf-dist/tex/generic/pgf/math/pgfmathfloat.code.tex
\c@pgfmathroundto@lastzeros=\count361
)))
(/usr/local/texlive/2024/texmf-dist/tex/generic/pgf/utilities/pgffor.code.tex
Package: pgffor 2023-01-15 v3.1.10 (3.1.10)
\pgffor@iter=\dimen295
\pgffor@skip=\dimen296
\pgffor@stack=\toks41
\pgffor@toks=\toks42
))
\psLoopIndex=\count362
`PSTricks' v3.19c  <2024/02/02> (tvz,hv)
\pst@dima=\dimen297
\pst@dimb=\dimen298
\pst@dimc=\dimen299
\pst@dimd=\dimen300
\pst@dimg=\dimen301
\pst@dimh=\dimen302
\pst@dimm=\dimen303
\pst@dimn=\dimen304
\pst@dimo=\dimen305
\pst@dimp=\dimen306
\pst@hbox=\box71
\pst@ibox=\box72
\pst@boxg=\box73
\pst@cnta=\count363
\pst@cntb=\count364
\pst@cntc=\count365
\pst@cntd=\count366
\pst@cntg=\count367
\pst@cnth=\count368
\pst@cntm=\count369
\pst@cntn=\count370
\pst@cnto=\count371
\pst@cntp=\count372
\@zero=\count373
\pst@toks=\toks43
--- We are running lualatex with luapstricks ---
Lua module: luapstricks 2023-05-23 v0.10 PSTricks backend for LuaLaTeX
Lua function luaPST = 25
Lua function luaPSTcolor = 26
Lua function luaPSTbox = 27 (/usr/local/texlive/2024/texmf-dist/tex/generic/pst
ricks/pstricks-color.tex)
\psunit=\dimen307
\psxunit=\dimen308
\psyunit=\dimen309
\pst@C@@rType=\count374
\pslinewidth=\dimen310
\psk@startLW=\dimen311
\psk@endLW=\dimen312

(/usr/local/texlive/2024/texmf-dist/tex/generic/pstricks/pstricks-arrows.tex
\pshooklength=\dimen313
\pshookwidth=\dimen314
)
\pst@customdefs=\toks44

(/usr/local/texlive/2024/texmf-dist/tex/generic/pstricks/pstricks-dots.tex)
\pslinearc=\dimen315
\pst@symbolStep=\dimen316
\pst@symbolWidth=\dimen317
\pst@symbolLinewidth=\dimen318
\everypsbox=\toks45
\psframesep=\dimen319
\pslabelsep=\dimen320
\sh@wgridXunit=\dimen321
\sh@wgridYunit=\dimen322
\pst@shift=\dimen323
\ps@imagectr=\count375
)
File: pstricks.tex 2024/02/02 v3.19c `PSTricks' (tvz,hv)

(/usr/local/texlive/2024/texmf-dist/tex/generic/pstricks/pst-fp.tex
`pst-fp' v0.06, 2020/11/20 (hv))
File: pst-fp.tex 2020/11/20 v0.06 `PST-fp' (hv)
)
Package: psvectorian 2021/09/06 v0.41 vector ornaments
)
(/usr/local/texlive/2024/texmf-dist/tex/latex/paralist/paralist.sty
Package: paralist 2017/01/22 v2.7 Extended list environments
\pltopsep=\skip267
\plpartopsep=\skip268
\plitemsep=\skip269
\plparsep=\skip270
\pl@lab=\toks46
)
(/usr/local/texlive/2024/texmf-dist/tex/latex/enumitem/enumitem.sty
Package: enumitem 2019/06/20 v3.9 Customized lists
\labelindent=\skip271
\enit@outerparindent=\dimen324
\enit@toks=\toks47
\enit@inbox=\box74
\enit@count@id=\count376
\enitdp@description=\count377
)
(/usr/local/texlive/2024/texmf-dist/tex/latex/pdfpages/pdfpages.sty
Package: pdfpages 2024/01/21 v0.5y Insert pages of external PDF documents (AM)

(/usr/local/texlive/2024/texmf-dist/tex/latex/base/ifthen.sty
Package: ifthen 2022/04/13 v1.1d Standard LaTeX ifthen package (DPC)
)
(/usr/local/texlive/2024/texmf-dist/tex/latex/tools/calc.sty
Package: calc 2023/07/08 v4.3 Infix arithmetic (KKT,FJ)
\calc@Acount=\count378
\calc@Bcount=\count379
\calc@Adimen=\dimen325
\calc@Bdimen=\dimen326
\calc@Askip=\skip272
\calc@Bskip=\skip273
LaTeX Info: Redefining \setlength on input line 80.
LaTeX Info: Redefining \addtolength on input line 81.
\calc@Ccount=\count380
\calc@Cskip=\skip274
)
(/usr/local/texlive/2024/texmf-dist/tex/latex/eso-pic/eso-pic.sty
Package: eso-pic 2023/05/03 v3.0c eso-pic (RN)
\ESO@tempdima=\dimen327
\ESO@tempdimb=\dimen328
)
\AM@pagewidth=\dimen329
\AM@pageheight=\dimen330
\AM@fboxrule=\dimen331

(/usr/local/texlive/2024/texmf-dist/tex/latex/pdfpages/ppluatex.def
File: ppluatex.def 2024/01/21 v0.5y Pdfpages driver for LuaTeX (AM)
)
\pdfpages@includegraphics@status=\count381
\AM@pagebox=\box75
\AM@global@opts=\toks48
\AM@pagecnt=\count382
\AM@toc@title=\toks49
\AM@lof@heading=\toks50
\c@AM@survey=\count383
\AM@templatesizebox=\box76
)
(/usr/local/texlive/2024/texmf-dist/tex/latex/wrapfig/wrapfig.sty
\wrapoverhang=\dimen332
\WF@size=\dimen333
\c@WF@wrappedlines=\count384
\WF@box=\box77
\WF@everypar=\toks51
Package: wrapfig 2003/01/31  v 3.6
)
(/usr/local/texlive/2024/texmf-dist/tex/latex/tabulary/tabulary.sty
Package: tabulary 2014/06/11 v0.10 tabulary package (DPC)
\TY@count=\count385
\TY@linewidth=\dimen334
\tymin=\dimen335
\tymax=\dimen336
\TY@tablewidth=\dimen337
)
(/usr/local/texlive/2024/texmf-dist/tex/latex/csquotes/csquotes.sty
Package: csquotes 2024-04-04 v5.2o context-sensitive quotations (JAW)
\csq@reset=\count386
\csq@gtype=\count387
\csq@glevel=\count388
\csq@qlevel=\count389
\csq@maxlvl=\count390
\csq@tshold=\count391
\csq@ltx@everypar=\toks52

(/usr/local/texlive/2024/texmf-dist/tex/latex/csquotes/csquotes.def
File: csquotes.def 2024-04-04 v5.2o csquotes generic definitions (JAW)
)
Package csquotes Info: Trying to load configuration file 'csquotes.cfg'...
Package csquotes Info: ... configuration file loaded successfully.

(/usr/local/texlive/2024/texmf-dist/tex/latex/csquotes/csquotes.cfg
File: csquotes.cfg 
)
Package csquotes Info: Enabling multilingual quotes.
)
(/usr/local/texlive/2024/texmf-dist/tex/latex/nowidow/nowidow.sty
Package: nowidow 2011/09/20 1.0 Easily prevent widows and orphans
Package: nowidow 
)
(/usr/local/texlive/2024/texmf-dist/tex/latex/ellipsis/ellipsis.sty
Package: ellipsis 2020/05/22 v1.8 fixes spacing around ellipses (three dots)

(/usr/local/texlive/2024/texmf-dist/tex/latex/tools/xspace.sty
Package: xspace 2014/10/28 v1.13 Space after command names (DPC,MH)
)
LaTeX Info: Redefining \textellipsis on input line 77.
)
(/usr/local/texlive/2024/texmf-dist/tex/latex/adforn/adforn.sty
Package: adforn 2019/10/13 v1.1b adforn CFR
LaTeX Font Info:    Trying to load font information for U+OrnementsADF on input
 line 4.

(/usr/local/texlive/2024/texmf-dist/tex/latex/adforn/uornementsadf.fd))
(/usr/local/texlive/2024/texmf-dist/tex/latex/pgf/frontendlayer/tikz.sty
(/usr/local/texlive/2024/texmf-dist/tex/latex/pgf/basiclayer/pgf.sty
Package: pgf 2023-01-15 v3.1.10 (3.1.10)

(/usr/local/texlive/2024/texmf-dist/tex/latex/pgf/basiclayer/pgfcore.sty
(/usr/local/texlive/2024/texmf-dist/tex/latex/pgf/systemlayer/pgfsys.sty
(/usr/local/texlive/2024/texmf-dist/tex/generic/pgf/systemlayer/pgfsys.code.tex
Package: pgfsys 2023-01-15 v3.1.10 (3.1.10)
\pgf@x=\dimen338
\pgf@y=\dimen339
\pgf@xa=\dimen340
\pgf@ya=\dimen341
\pgf@xb=\dimen342
\pgf@yb=\dimen343
\pgf@xc=\dimen344
\pgf@yc=\dimen345
\pgf@xd=\dimen346
\pgf@yd=\dimen347
\w@pgf@writea=\write6
\r@pgf@reada=\read4
\c@pgf@counta=\count392
\c@pgf@countb=\count393
\c@pgf@countc=\count394
\c@pgf@countd=\count395
\t@pgf@toka=\toks53
\t@pgf@tokb=\toks54
\t@pgf@tokc=\toks55
\pgf@sys@id@count=\count396
(/usr/local/texlive/2024/texmf-dist/tex/generic/pgf/systemlayer/pgf.cfg
File: pgf.cfg 2023-01-15 v3.1.10 (3.1.10)
)
Driver file for pgf: pgfsys-luatex.def

(/usr/local/texlive/2024/texmf-dist/tex/generic/pgf/systemlayer/pgfsys-luatex.d
ef
File: pgfsys-luatex.def 2023-01-15 v3.1.10 (3.1.10)

(/usr/local/texlive/2024/texmf-dist/tex/generic/pgf/systemlayer/pgfsys-common-p
df.def
File: pgfsys-common-pdf.def 2023-01-15 v3.1.10 (3.1.10)
)))
(/usr/local/texlive/2024/texmf-dist/tex/generic/pgf/systemlayer/pgfsyssoftpath.
code.tex
File: pgfsyssoftpath.code.tex 2023-01-15 v3.1.10 (3.1.10)
\pgfsyssoftpath@smallbuffer@items=\count397
\pgfsyssoftpath@bigbuffer@items=\count398
)
(/usr/local/texlive/2024/texmf-dist/tex/generic/pgf/systemlayer/pgfsysprotocol.
code.tex
File: pgfsysprotocol.code.tex 2023-01-15 v3.1.10 (3.1.10)
))
(/usr/local/texlive/2024/texmf-dist/tex/generic/pgf/basiclayer/pgfcore.code.tex
Package: pgfcore 2023-01-15 v3.1.10 (3.1.10)
(/usr/local/texlive/2024/texmf-dist/tex/generic/pgf/math/pgfint.code.tex)
(/usr/local/texlive/2024/texmf-dist/tex/generic/pgf/basiclayer/pgfcorepoints.co
de.tex
File: pgfcorepoints.code.tex 2023-01-15 v3.1.10 (3.1.10)
\pgf@picminx=\dimen348
\pgf@picmaxx=\dimen349
\pgf@picminy=\dimen350
\pgf@picmaxy=\dimen351
\pgf@pathminx=\dimen352
\pgf@pathmaxx=\dimen353
\pgf@pathminy=\dimen354
\pgf@pathmaxy=\dimen355
\pgf@xx=\dimen356
\pgf@xy=\dimen357
\pgf@yx=\dimen358
\pgf@yy=\dimen359
\pgf@zx=\dimen360
\pgf@zy=\dimen361
)
(/usr/local/texlive/2024/texmf-dist/tex/generic/pgf/basiclayer/pgfcorepathconst
ruct.code.tex
File: pgfcorepathconstruct.code.tex 2023-01-15 v3.1.10 (3.1.10)
\pgf@path@lastx=\dimen362
\pgf@path@lasty=\dimen363
)
(/usr/local/texlive/2024/texmf-dist/tex/generic/pgf/basiclayer/pgfcorepathusage
.code.tex
File: pgfcorepathusage.code.tex 2023-01-15 v3.1.10 (3.1.10)
\pgf@shorten@end@additional=\dimen364
\pgf@shorten@start@additional=\dimen365
)
(/usr/local/texlive/2024/texmf-dist/tex/generic/pgf/basiclayer/pgfcorescopes.co
de.tex
File: pgfcorescopes.code.tex 2023-01-15 v3.1.10 (3.1.10)
\pgfpic=\box78
\pgf@hbox=\box79
\pgf@layerbox@main=\box80
\pgf@picture@serial@count=\count399
)
(/usr/local/texlive/2024/texmf-dist/tex/generic/pgf/basiclayer/pgfcoregraphicst
ate.code.tex
File: pgfcoregraphicstate.code.tex 2023-01-15 v3.1.10 (3.1.10)
\pgflinewidth=\dimen366
)
(/usr/local/texlive/2024/texmf-dist/tex/generic/pgf/basiclayer/pgfcoretransform
ations.code.tex
File: pgfcoretransformations.code.tex 2023-01-15 v3.1.10 (3.1.10)
\pgf@pt@x=\dimen367
\pgf@pt@y=\dimen368
\pgf@pt@temp=\dimen369
)
(/usr/local/texlive/2024/texmf-dist/tex/generic/pgf/basiclayer/pgfcorequick.cod
e.tex
File: pgfcorequick.code.tex 2023-01-15 v3.1.10 (3.1.10)
)
(/usr/local/texlive/2024/texmf-dist/tex/generic/pgf/basiclayer/pgfcoreobjects.c
ode.tex
File: pgfcoreobjects.code.tex 2023-01-15 v3.1.10 (3.1.10)
)
(/usr/local/texlive/2024/texmf-dist/tex/generic/pgf/basiclayer/pgfcorepathproce
ssing.code.tex
File: pgfcorepathprocessing.code.tex 2023-01-15 v3.1.10 (3.1.10)
)
(/usr/local/texlive/2024/texmf-dist/tex/generic/pgf/basiclayer/pgfcorearrows.co
de.tex
File: pgfcorearrows.code.tex 2023-01-15 v3.1.10 (3.1.10)
\pgfarrowsep=\dimen370
)
(/usr/local/texlive/2024/texmf-dist/tex/generic/pgf/basiclayer/pgfcoreshade.cod
e.tex
File: pgfcoreshade.code.tex 2023-01-15 v3.1.10 (3.1.10)
\pgf@max=\dimen371
\pgf@sys@shading@range@num=\count400
\pgf@shadingcount=\count401
)
(/usr/local/texlive/2024/texmf-dist/tex/generic/pgf/basiclayer/pgfcoreimage.cod
e.tex
File: pgfcoreimage.code.tex 2023-01-15 v3.1.10 (3.1.10)
)
(/usr/local/texlive/2024/texmf-dist/tex/generic/pgf/basiclayer/pgfcoreexternal.
code.tex
File: pgfcoreexternal.code.tex 2023-01-15 v3.1.10 (3.1.10)
\pgfexternal@startupbox=\box81
)
(/usr/local/texlive/2024/texmf-dist/tex/generic/pgf/basiclayer/pgfcorelayers.co
de.tex
File: pgfcorelayers.code.tex 2023-01-15 v3.1.10 (3.1.10)
)
(/usr/local/texlive/2024/texmf-dist/tex/generic/pgf/basiclayer/pgfcoretranspare
ncy.code.tex
File: pgfcoretransparency.code.tex 2023-01-15 v3.1.10 (3.1.10)
)
(/usr/local/texlive/2024/texmf-dist/tex/generic/pgf/basiclayer/pgfcorepatterns.
code.tex
File: pgfcorepatterns.code.tex 2023-01-15 v3.1.10 (3.1.10)
)
(/usr/local/texlive/2024/texmf-dist/tex/generic/pgf/basiclayer/pgfcorerdf.code.
tex
File: pgfcorerdf.code.tex 2023-01-15 v3.1.10 (3.1.10)
)))
(/usr/local/texlive/2024/texmf-dist/tex/generic/pgf/modules/pgfmoduleshapes.cod
e.tex
File: pgfmoduleshapes.code.tex 2023-01-15 v3.1.10 (3.1.10)
\pgfnodeparttextbox=\box82
)
(/usr/local/texlive/2024/texmf-dist/tex/generic/pgf/modules/pgfmoduleplot.code.
tex
File: pgfmoduleplot.code.tex 2023-01-15 v3.1.10 (3.1.10)
)
(/usr/local/texlive/2024/texmf-dist/tex/latex/pgf/compatibility/pgfcomp-version
-0-65.sty
Package: pgfcomp-version-0-65 2023-01-15 v3.1.10 (3.1.10)
\pgf@nodesepstart=\dimen372
\pgf@nodesepend=\dimen373
)
(/usr/local/texlive/2024/texmf-dist/tex/latex/pgf/compatibility/pgfcomp-version
-1-18.sty
Package: pgfcomp-version-1-18 2023-01-15 v3.1.10 (3.1.10)
))
(/usr/local/texlive/2024/texmf-dist/tex/generic/pgf/frontendlayer/tikz/tikz.cod
e.tex
Package: tikz 2023-01-15 v3.1.10 (3.1.10)

(/usr/local/texlive/2024/texmf-dist/tex/generic/pgf/libraries/pgflibraryplothan
dlers.code.tex
File: pgflibraryplothandlers.code.tex 2023-01-15 v3.1.10 (3.1.10)
\pgf@plot@mark@count=\count402
\pgfplotmarksize=\dimen374
)
\tikz@lastx=\dimen375
\tikz@lasty=\dimen376
\tikz@lastxsaved=\dimen377
\tikz@lastysaved=\dimen378
\tikz@lastmovetox=\dimen379
\tikz@lastmovetoy=\dimen380
\tikzleveldistance=\dimen381
\tikzsiblingdistance=\dimen382
\tikz@figbox=\box83
\tikz@figbox@bg=\box84
\tikz@tempbox=\box85
\tikz@tempbox@bg=\box86
\tikztreelevel=\count403
\tikznumberofchildren=\count404
\tikznumberofcurrentchild=\count405
\tikz@fig@count=\count406

(/usr/local/texlive/2024/texmf-dist/tex/generic/pgf/modules/pgfmodulematrix.cod
e.tex
File: pgfmodulematrix.code.tex 2023-01-15 v3.1.10 (3.1.10)
\pgfmatrixcurrentrow=\count407
\pgfmatrixcurrentcolumn=\count408
\pgf@matrix@numberofcolumns=\count409
)
\tikz@expandcount=\count410

(/usr/local/texlive/2024/texmf-dist/tex/generic/pgf/frontendlayer/tikz/librarie
s/tikzlibrarytopaths.code.tex
File: tikzlibrarytopaths.code.tex 2023-01-15 v3.1.10 (3.1.10)
)))
(/usr/local/texlive/2024/texmf-dist/tex/latex/biblatex/biblatex.sty
Package: biblatex 2024/03/21 v3.20 programmable bibliographies (PK/MW)

(/usr/local/texlive/2024/texmf-dist/tex/generic/pdftexcmds/pdftexcmds.sty
Package: pdftexcmds 2020-06-27 v0.33 Utility functions of pdfTeX for LuaTeX (HO
)
Package pdftexcmds Info: \pdf@primitive is available.
Package pdftexcmds Info: \pdf@ifprimitive is available.
Package pdftexcmds Info: \pdfdraftmode found.
\pdftexcmds@toks=\toks56
)
(/usr/local/texlive/2024/texmf-dist/tex/latex/logreq/logreq.sty
Package: logreq 2010/08/04 v1.0 xml request logger
\lrq@indent=\count411

(/usr/local/texlive/2024/texmf-dist/tex/latex/logreq/logreq.def
File: logreq.def 2010/08/04 v1.0 logreq spec v1.0
))
\c@tabx@nest=\count412
\c@listtotal=\count413
\c@listcount=\count414
\c@liststart=\count415
\c@liststop=\count416
\c@citecount=\count417
\c@citetotal=\count418
\c@multicitecount=\count419
\c@multicitetotal=\count420
\c@instcount=\count421
\c@maxnames=\count422
\c@minnames=\count423
\c@maxitems=\count424
\c@minitems=\count425
\c@citecounter=\count426
\c@maxcitecounter=\count427
\c@savedcitecounter=\count428
\c@uniquelist=\count429
\c@uniquename=\count430
\c@refsection=\count431
\c@refsegment=\count432
\c@maxextratitle=\count433
\c@maxextratitleyear=\count434
\c@maxextraname=\count435
\c@maxextradate=\count436
\c@maxextraalpha=\count437
\c@abbrvpenalty=\count438
\c@highnamepenalty=\count439
\c@lownamepenalty=\count440
\c@maxparens=\count441
\c@parenlevel=\count442
\blx@tempcnta=\count443
\blx@tempcntb=\count444
\blx@tempcntc=\count445
\c@blx@maxsection=\count446
\blx@maxsegment@0=\count447
\blx@notetype=\count448
\blx@parenlevel@text=\count449
\blx@parenlevel@foot=\count450
\blx@sectionciteorder@0=\count451
\blx@sectionciteorderinternal@0=\count452
\blx@entrysetcounter=\count453
\blx@biblioinstance=\count454
\labelnumberwidth=\skip275
\labelalphawidth=\skip276
\biblabelsep=\skip277
\bibnamesep=\skip278
\bibinitsep=\skip279
\bibparsep=\skip280
\bibhang=\skip281
\blx@bcfin=\read5
\blx@bcfout=\write7
\blx@langwohyphens=\language92
\c@mincomprange=\count455
\c@maxcomprange=\count456
\c@mincompwidth=\count457
Package biblatex Info: Trying to load biblatex default data model...
Package biblatex Info: ... file 'blx-dm.def' found.

(/usr/local/texlive/2024/texmf-dist/tex/latex/biblatex/blx-dm.def
File: blx-dm.def 2024/03/21 v3.20 biblatex datamodel (PK/MW)
)
Package biblatex Info: Trying to load biblatex style data model...
Package biblatex Info: ... file 'verbose.dbx' not found.
Package biblatex Info: Trying to load biblatex custom data model...
Package biblatex Info: ... file 'biblatex-dm.cfg' not found.
\c@afterword=\count458
\c@savedafterword=\count459
\c@annotator=\count460
\c@savedannotator=\count461
\c@author=\count462
\c@savedauthor=\count463
\c@bookauthor=\count464
\c@savedbookauthor=\count465
\c@commentator=\count466
\c@savedcommentator=\count467
\c@editor=\count468
\c@savededitor=\count469
\c@editora=\count470
\c@savededitora=\count471
\c@editorb=\count472
\c@savededitorb=\count473
\c@editorc=\count474
\c@savededitorc=\count475
\c@foreword=\count476
\c@savedforeword=\count477
\c@holder=\count478
\c@savedholder=\count479
\c@introduction=\count480
\c@savedintroduction=\count481
\c@namea=\count482
\c@savednamea=\count483
\c@nameb=\count484
\c@savednameb=\count485
\c@namec=\count486
\c@savednamec=\count487
\c@translator=\count488
\c@savedtranslator=\count489
\c@shortauthor=\count490
\c@savedshortauthor=\count491
\c@shorteditor=\count492
\c@savedshorteditor=\count493
\c@labelname=\count494
\c@savedlabelname=\count495
\c@institution=\count496
\c@savedinstitution=\count497
\c@lista=\count498
\c@savedlista=\count499
\c@listb=\count500
\c@savedlistb=\count501
\c@listc=\count502
\c@savedlistc=\count503
\c@listd=\count504
\c@savedlistd=\count505
\c@liste=\count506
\c@savedliste=\count507
\c@listf=\count508
\c@savedlistf=\count509
\c@location=\count510
\c@savedlocation=\count511
\c@organization=\count512
\c@savedorganization=\count513
\c@origlocation=\count514
\c@savedoriglocation=\count515
\c@origpublisher=\count516
\c@savedorigpublisher=\count517
\c@publisher=\count518
\c@savedpublisher=\count519
\c@language=\count520
\c@savedlanguage=\count521
\c@origlanguage=\count522
\c@savedoriglanguage=\count523
\c@pageref=\count524
\c@savedpageref=\count525
\shorthandwidth=\skip282
\shortjournalwidth=\skip283
\shortserieswidth=\skip284
\shorttitlewidth=\skip285
\shortauthorwidth=\skip286
\shorteditorwidth=\skip287
\locallabelnumberwidth=\skip288
\locallabelalphawidth=\skip289
\localshorthandwidth=\skip290
\localshortjournalwidth=\skip291
\localshortserieswidth=\skip292
\localshorttitlewidth=\skip293
\localshortauthorwidth=\skip294
\localshorteditorwidth=\skip295
Package biblatex Info: Trying to load enhanced support for Unicode engines...
Package biblatex Info: ... file 'blx-unicode.def' found.

(/usr/local/texlive/2024/texmf-dist/tex/latex/biblatex/blx-unicode.def)
Package biblatex Info: Trying to load compatibility code...
Package biblatex Info: ... file 'blx-compat.def' found.

(/usr/local/texlive/2024/texmf-dist/tex/latex/biblatex/blx-compat.def
File: blx-compat.def 2024/03/21 v3.20 biblatex compatibility (PK/MW)
)
Package biblatex Info: Trying to load generic definitions...
Package biblatex Info: ... file 'biblatex.def' found.

(/usr/local/texlive/2024/texmf-dist/tex/latex/biblatex/biblatex.def
File: biblatex.def 2024/03/21 v3.20 biblatex compatibility (PK/MW)
\c@textcitecount=\count526
\c@textcitetotal=\count527
\c@textcitemaxnames=\count528
\c@biburlbigbreakpenalty=\count529
\c@biburlbreakpenalty=\count530
\c@biburlnumpenalty=\count531
\c@biburlucpenalty=\count532
\c@biburllcpenalty=\count533
\biburlbigskip=\muskip17
\biburlnumskip=\muskip18
\biburlucskip=\muskip19
\biburllcskip=\muskip20
\c@smartand=\count534
)
Package biblatex Info: Trying to load bibliography style 'verbose'...
Package biblatex Info: ... file 'verbose.bbx' found.

(/usr/local/texlive/2024/texmf-dist/tex/latex/biblatex/bbx/verbose.bbx
File: verbose.bbx 2024/03/21 v3.20 biblatex bibliography style (PK/MW)
Package biblatex Info: Trying to load bibliography style 'authortitle'...
Package biblatex Info: ... file 'authortitle.bbx' found.

(/usr/local/texlive/2024/texmf-dist/tex/latex/biblatex/bbx/authortitle.bbx
File: authortitle.bbx 2024/03/21 v3.20 biblatex bibliography style (PK/MW)
Package biblatex Info: Trying to load bibliography style 'standard'...
Package biblatex Info: ... file 'standard.bbx' found.

(/usr/local/texlive/2024/texmf-dist/tex/latex/biblatex/bbx/standard.bbx
File: standard.bbx 2024/03/21 v3.20 biblatex bibliography style (PK/MW)
\c@bbx:relatedcount=\count535
\c@bbx:relatedtotal=\count536
)))
Package biblatex Info: Trying to load citation style 'verbose'...
Package biblatex Info: ... file 'verbose.cbx' found.

(/usr/local/texlive/2024/texmf-dist/tex/latex/biblatex/cbx/verbose.cbx
File: verbose.cbx 2024/03/21 v3.20 biblatex citation style (PK/MW)
Package biblatex Info: Redefining '\cite'.
Package biblatex Info: Redefining '\parencite'.
Package biblatex Info: Redefining '\footcite'.
Package biblatex Info: Redefining '\footcitetext'.
Package biblatex Info: Redefining '\smartcite'.
Package biblatex Info: Redefining '\textcite'.
Package biblatex Info: Redefining '\textcites'.
)
Package biblatex Info: Trying to load configuration file...
Package biblatex Info: ... file 'biblatex.cfg' found.

(/usr/local/texlive/2024/texmf-dist/tex/latex/biblatex/biblatex.cfg
File: biblatex.cfg 
)
Package biblatex Info: LuaTeX detected.
(biblatex)             Assuming input encoding 'utf8'.
Package biblatex Info: Document encoding is UTF8 ....
Package biblatex Info: ... and expl3
(biblatex)             2024-03-14 L3 programming layer (loader) 
(biblatex)             is new enough (at least 2020/04/06),
(biblatex)             setting 'casechanger=expl3'.

(/usr/local/texlive/2024/texmf-dist/tex/latex/biblatex/blx-case-expl3.sty
Package: blx-case-expl3 2024/03/21 v3.20 expl3 case changing code for biblatex
))
(./ekdosis.sty
Package: ekdosis 2024/05/25 v1.5-dev Typesetting TEI xml-compliant critical edi
tions

(/usr/local/texlive/2024/texmf-dist/tex/latex/expkv-bundle/expkv-opt.sty
Package: expkv-opt 2023-01-23 v1.0 parse class and package options with expkv

(/usr/local/texlive/2024/texmf-dist/tex/latex/expkv-bundle/expkv.sty
(/usr/local/texlive/2024/texmf-dist/tex/generic/expkv-bundle/expkv.tex
File: expkv.tex 2023-01-23 v2.0 an expandable key=val implementation
)
Package: expkv 2023-01-23 v2.0 an expandable key=val implementation
))
(/usr/local/texlive/2024/texmf-dist/tex/latex/expkv-bundle/expkv-def.sty
(/usr/local/texlive/2024/texmf-dist/tex/latex/expkv-bundle/expkv-pop.sty
(/usr/local/texlive/2024/texmf-dist/tex/generic/expkv-bundle/expkv-pop.tex
(/usr/local/texlive/2024/texmf-dist/tex/generic/expkv-bundle/expkv.tex)
File: expkv-pop.tex 2023-01-23 v1.0 a prefix oriented parser
)
Package: expkv-pop 2023-01-23 v1.0 a prefix oriented parser
)
(/usr/local/texlive/2024/texmf-dist/tex/generic/expkv-bundle/expkv-def.tex
(/usr/local/texlive/2024/texmf-dist/tex/generic/expkv-bundle/expkv-pop.tex
(/usr/local/texlive/2024/texmf-dist/tex/generic/expkv-bundle/expkv.tex))
File: expkv-def.tex 2023-01-23 v1.0 a key-defining frontend for expkv
)
Package: expkv-def 2023-01-23 v1.0 a key-defining frontend for expkv
)
(/usr/local/texlive/2024/texmf-dist/tex/lualatex/luacode/luacode.sty
Package: luacode 2012/01/23 v1.2a lua-in-tex helpers (mpg)

(/usr/local/texlive/2024/texmf-dist/tex/generic/iftex/ifluatex.sty
Package: ifluatex 2019/10/25 v1.5 ifluatex legacy package. Use iftex instead.
)
(/usr/local/texlive/2024/texmf-dist/tex/luatex/luatexbase/luatexbase.sty
Package: luatexbase 2015/10/04 v1.3 luatexbase interface to LuaTeX 

(/usr/local/texlive/2024/texmf-dist/tex/luatex/ctablestack/ctablestack.sty
Package: ctablestack 2015/10/01 v1.0 Catcode table stable support
\@catcodetablestackcnt=\count537
)
\CatcodeTableOther=\catcodetable16
\CatcodeTableExpl=\catcodetable17
)
\luacode@lines=\toks57
\luacode@table@soft=\catcodetable18
)
(/usr/local/texlive/2024/texmf-dist/tex/latex/paracol/paracol.sty
Package: paracol 2018/12/31 v1.35 
\pcol@currcol=\count538
\pcol@nextcol=\count539
\pcol@ncol=\count540
\pcol@ncolleft=\count541
\pcol@page=\count542
\pcol@basepage=\count543
\pcol@toppage=\count544
\pcol@footnotebase=\count545
\pcol@nfootnotes=\count546
\pcol@mcid=\count547
\pcol@prevdepth=\dimen383
\pcol@colht=\dimen384
\pcol@textfloatsep=\dimen385
\pcol@lrmargin=\dimen386
\pagerim=\dimen387
\pcol@topskip=\skip296
\belowfootnoteskip=\skip297
\pcol@topfnotes=\box87
\pcol@prespan=\box88
\pcol@rightpage=\box89
\pcol@colorstack@saved=\box90
\pcol@tempboxa=\box91
\pcol@tempboxb=\box92
\pcol@colorins=\insert247
\pcol@everyvbox=\toks58
)
(/usr/local/texlive/2024/texmf-dist/tex/latex/trivfloat/trivfloat.sty
Package: trivfloat 2009/04/23 v1.4 Quick floats in LaTeX
\c@tfl@float@cnt=\count548
LaTeX Info: Redefining \tfl@uppercase on input line 223.
)
(/usr/local/texlive/2024/texmf-dist/tex/latex/zref/zref-user.sty
Package: zref-user 2023-09-14 v2.35 Module user for zref (HO)

(/usr/local/texlive/2024/texmf-dist/tex/latex/zref/zref-base.sty
Package: zref-base 2023-09-14 v2.35 Module base for zref (HO)

(/usr/local/texlive/2024/texmf-dist/tex/generic/kvdefinekeys/kvdefinekeys.sty
Package: kvdefinekeys 2019-12-19 v1.6 Define keys (HO)
)
(/usr/local/texlive/2024/texmf-dist/tex/generic/etexcmds/etexcmds.sty
Package: etexcmds 2019/12/15 v1.7 Avoid name clashes with e-TeX commands (HO)
)
(/usr/local/texlive/2024/texmf-dist/tex/latex/auxhook/auxhook.sty
Package: auxhook 2019-12-17 v1.6 Hooks for auxiliary files (HO)
)
Package zref Info: New property list: main on input line 767.
Package zref Info: New property: default on input line 768.
Package zref Info: New property: page on input line 769.
))
(/usr/local/texlive/2024/texmf-dist/tex/latex/zref/zref-abspage.sty
Package: zref-abspage 2023-09-14 v2.35 Module abspage for zref (HO)
\c@abspage=\count549
Package zref Info: New property: abspage on input line 67.
)
(/usr/local/texlive/2024/texmf-dist/tex/latex/ifoddpage/ifoddpage.sty
Package: ifoddpage 2022/10/18 v1.2 Conditionals for odd/even page detection
\c@checkoddpage=\count550
LaTeX Info: Redefining \checkoddpage on input line 45.
)
(/usr/local/texlive/2024/texmf-dist/tex/latex/parnotes/parnotes.sty
Package: parnotes 2019/07/23 rev. 3b Notes after every paragraph, or elsewhere
\c@parnotemark=\count551
)
\ekd@app@height=\dimen388
\c@ekd@pb=\count552
\c@ekd@lab=\count553
\ekd@app@localheight=\skip298
\c@ekd@lnperpage=\count554
\c@ekd@locallnperpage=\count555
\c@pairedpage=\count556
\c@ekd@vpnum=\count557
\vwidth@val=\dimen389
\ekdspace=\skip299
)
(/usr/local/texlive/2024/texmf-dist/tex/latex/hyperref/hyperref.sty
Package: hyperref 2024-01-20 v7.01h Hypertext links for LaTeX

(/usr/local/texlive/2024/texmf-dist/tex/generic/pdfescape/pdfescape.sty
Package: pdfescape 2019/12/09 v1.15 Implements pdfTeX's escape features (HO)
)
(/usr/local/texlive/2024/texmf-dist/tex/latex/hycolor/hycolor.sty
Package: hycolor 2020-01-27 v1.10 Color options for hyperref/bookmark (HO)
)
\@linkdim=\dimen390
\Hy@linkcounter=\count558
\Hy@pagecounter=\count559

(/usr/local/texlive/2024/texmf-dist/tex/latex/hyperref/pd1enc.def
File: pd1enc.def 2024-01-20 v7.01h Hyperref: PDFDocEncoding definition (HO)
)
(/usr/local/texlive/2024/texmf-dist/tex/generic/intcalc/intcalc.sty
Package: intcalc 2019/12/15 v1.3 Expandable calculations with integers (HO)
)
\Hy@SavedSpaceFactor=\count560

(/usr/local/texlive/2024/texmf-dist/tex/latex/hyperref/puenc.def
File: puenc.def 2024-01-20 v7.01h Hyperref: PDF Unicode definition (HO)
)

Package hyperref Warning: Unexpected value `falsecolorlinks'
(hyperref)                of option `hyperfootnotes' instead of
(hyperref)                `true' or 'false' on input line 4062.

Package hyperref Info: Hyper figures OFF on input line 4179.
Package hyperref Info: Link nesting OFF on input line 4184.
Package hyperref Info: Hyper index ON on input line 4187.
Package hyperref Info: Plain pages OFF on input line 4194.
Package hyperref Info: Backreferencing OFF on input line 4199.
Package hyperref Info: Implicit mode ON; LaTeX internals redefined.
Package hyperref Info: Bookmarks ON on input line 4446.
\c@Hy@tempcnt=\count561
LaTeX Info: Redefining \url on input line 4784.
\XeTeXLinkMargin=\dimen391
(/usr/local/texlive/2024/texmf-dist/tex/generic/bitset/bitset.sty
Package: bitset 2019/12/09 v1.3 Handle bit-vector datatype (HO)

(/usr/local/texlive/2024/texmf-dist/tex/generic/bigintcalc/bigintcalc.sty
Package: bigintcalc 2019/12/15 v1.5 Expandable calculations on big integers (HO
)
))
\Fld@menulength=\count562
\Field@Width=\dimen392
\Fld@charsize=\dimen393
Package hyperref Info: Hyper figures OFF on input line 6063.
Package hyperref Info: Link nesting OFF on input line 6068.
Package hyperref Info: Hyper index ON on input line 6071.
Package hyperref Info: backreferencing OFF on input line 6078.
Package hyperref Info: Link coloring OFF on input line 6083.
Package hyperref Info: Link coloring with OCG OFF on input line 6088.
Package hyperref Info: PDF/A mode OFF on input line 6093.

(/usr/local/texlive/2024/texmf-dist/tex/latex/base/atbegshi-ltx.sty
Package: atbegshi-ltx 2021/01/10 v1.0c Emulation of the original atbegshi
package with kernel methods
)
\Hy@abspage=\count563
\c@Item=\count564
\c@Hfootnote=\count565
)
Package hyperref Info: Driver (autodetected): hluatex.

(/usr/local/texlive/2024/texmf-dist/tex/latex/hyperref/hluatex.def
File: hluatex.def 2024-01-20 v7.01h Hyperref driver for luaTeX

(/usr/local/texlive/2024/texmf-dist/tex/generic/stringenc/stringenc.sty
Package: stringenc 2019/11/29 v1.12 Convert strings between diff. encodings (HO
)
)
(/usr/local/texlive/2024/texmf-dist/tex/latex/base/atveryend-ltx.sty
Package: atveryend-ltx 2020/08/19 v1.0a Emulation of the original atveryend pac
kage
with kernel methods
)
\Fld@listcount=\count566
\c@bookmark@seq@number=\count567

(/usr/local/texlive/2024/texmf-dist/tex/latex/rerunfilecheck/rerunfilecheck.sty
Package: rerunfilecheck 2022-07-10 v1.10 Rerun checks for auxiliary files (HO)

(/usr/local/texlive/2024/texmf-dist/tex/generic/uniquecounter/uniquecounter.sty
Package: uniquecounter 2019/12/15 v1.4 Provide unlimited unique counter (HO)
)
Package uniquecounter Info: New unique counter `rerunfilecheck' on input line 2
85.
)
\Hy@SectionHShift=\skip300
) (/usr/local/texlive/2024/texmf-dist/tex/latex/memoir/memhfixc.sty
Package: memhfixc 2023/09/10 v1.22 hyperref package fixes for memoir class
\c@memhycontfloat=\count568
\c@Hpagenote=\count569
)
(/usr/local/texlive/2024/texmf-dist/tex/latex/cleveref/cleveref.sty
Package: cleveref 2018/03/27 v0.21.4 Intelligent cross-referencing
LaTeX Info: Redefining \Cref on input line 925.
Package cleveref Info: `hyperref' support loaded on input line 2370.
LaTeX Info: Redefining \cref on input line 2370.
LaTeX Info: Redefining \Cref on input line 2370.
LaTeX Info: Redefining \crefrange on input line 2370.
LaTeX Info: Redefining \Crefrange on input line 2370.
LaTeX Info: Redefining \cpageref on input line 2370.
LaTeX Info: Redefining \Cpageref on input line 2370.
LaTeX Info: Redefining \cpagerefrange on input line 2370.
LaTeX Info: Redefining \Cpagerefrange on input line 2370.
LaTeX Info: Redefining \labelcref on input line 2370.
LaTeX Info: Redefining \labelcpageref on input line 2370.
)
\savedtextfloatsep=\skip301

(/usr/local/texlive/2024/texmf-dist/tex/latex/censor/censor.sty
Package: censor 2023/06/05\ 4.3\ Provides capability for redaction of sensitive
 information

(/usr/local/texlive/2024/texmf-dist/tex/latex/pbox/pbox.sty
Package: pbox 2011/12/07 v1.2 Dynamic parboxes
\pb@xlen=\skip302
)
\censorruledepth=\skip303
\censorruleheight=\skip304

(/usr/local/texlive/2024/texmf-dist/tex/generic/tokcycle/tokcycle.sty
(/usr/local/texlive/2024/texmf-dist/tex/generic/tokcycle/tokcycle.tex
\tc@tok=\toks59
\tcdepth=\count570
\cytoks=\toks60
)
Package: tokcycle 2021/08/25 V1.42 Cycle through and transform a stream of toke
ns
)))
\bindu@idxfile=\write8

\openout8 = bindu.idx

Writing index file bindu.idx 
(./titles.tex)
Package csquotes Info: Checking for multilingual support...
Package csquotes Info: ... found 'babel' package.
 (./bindu.aux

Package babel Info: The following font families will use the default
(babel)             settings for all or some languages:
(babel)             * \rmfamily = lmr
(babel)               [lmroman10-regular]:+tlig; at 10.95pt
(babel)             * \sffamily = lmss
(babel)               [lmsans10-regular]:+tlig; at 10.95pt
(babel)             * \ttfamily = lmtt
(babel)               [lmmono10-regular]: at 10.95pt
(babel)             There is nothing intrinsically wrong with it, but
(babel)             'babel' will no set Script and Language, which could
(babel)             be relevant in some languages. If your document uses
(babel)             these families, consider redefining them with \babelfont.
(babel)             Reported on input line 5.

luaotfload | aux : font no 32 (nil) defines no feature for script latn with lang
uage eng
luaotfload | aux : font no 39 (nil) does not define feature smcp for script latn
 with language dflt
luaotfload | aux : font no 40 (nil) does not define feature smcp for script latn
 with language dflt

Package fontspec Info: Font family 'Vollkorn(0)' created for font 'Vollkorn'
(fontspec)             with options
(fontspec)             [Ligatures=TeX,Script=Latin,Language=English,RawFeature=
{family=rm}].
(fontspec)              
(fontspec)              This font family consists of the following NFSS
(fontspec)             series/shapes:
(fontspec)              
(fontspec)             - 'normal' (m/n) with NFSS spec.:
(fontspec)             <->"name:Vollkorn:mode=node;script=latn;language=dflt;+t
lig;family=rm;"
(fontspec)             - 'small caps'  (m/sc) with NFSS spec.:
(fontspec)             <->"name:Vollkorn:mode=node;script=latn;language=dflt;+t
lig;family=rm;+smcp;"
(fontspec)             - 'bold' (b/n) with NFSS spec.:
(fontspec)             <->"name:Vollkorn/B:mode=node;script=latn;language=dflt;
+tlig;family=rm;"
(fontspec)             - 'bold small caps'  (b/sc) with NFSS spec.:
(fontspec)             <->"name:Vollkorn/B:mode=node;script=latn;language=dflt;
+tlig;family=rm;+smcp;"
(fontspec)             - 'italic' (m/it) with NFSS spec.:
(fontspec)             <->"name:Vollkorn/I:mode=node;script=latn;language=dflt;
+tlig;family=rm;"
(fontspec)             - 'italic small caps'  (m/scit) with NFSS spec.: 
(fontspec)             - 'bold italic' (b/it) with NFSS spec.:
(fontspec)             <->"name:Vollkorn/BI:mode=node;script=latn;language=dflt
;+tlig;family=rm;"
(fontspec)             - 'bold italic small caps'  (b/scit) with NFSS spec.: 

)
\openout1 = bindu.aux

LaTeX Font Info:    Checking defaults for OML/cmm/m/it on input line 11.
LaTeX Font Info:    ... okay on input line 11.
LaTeX Font Info:    Checking defaults for OMS/cmsy/m/n on input line 11.
LaTeX Font Info:    ... okay on input line 11.
LaTeX Font Info:    Checking defaults for OT1/cmr/m/n on input line 11.
LaTeX Font Info:    ... okay on input line 11.
LaTeX Font Info:    Checking defaults for T1/cmr/m/n on input line 11.
LaTeX Font Info:    ... okay on input line 11.
LaTeX Font Info:    Checking defaults for TS1/cmr/m/n on input line 11.
LaTeX Font Info:    Trying to load font information for TS1+cmr on input line 1
1.
 (/usr/local/texlive/2024/texmf-dist/tex/latex/base/ts1cmr.fd
File: ts1cmr.fd 2023/04/13 v2.5m Standard LaTeX font definitions
)
LaTeX Font Info:    ... okay on input line 11.
LaTeX Font Info:    Checking defaults for TU/lmr/m/n on input line 11.
LaTeX Font Info:    ... okay on input line 11.
LaTeX Font Info:    Checking defaults for OMX/cmex/m/n on input line 11.
LaTeX Font Info:    ... okay on input line 11.
LaTeX Font Info:    Checking defaults for U/cmr/m/n on input line 11.
LaTeX Font Info:    ... okay on input line 11.
LaTeX Font Info:    Checking defaults for PD1/pdf/m/n on input line 11.
LaTeX Font Info:    ... okay on input line 11.
LaTeX Font Info:    Checking defaults for PU/pdf/m/n on input line 11.
LaTeX Font Info:    ... okay on input line 11.


LaTeX Font Warning: Font shape `TU/lmtt/b/it' in size <10.95> not available
(Font)              Font shape `TU/lmtt/b/sl' tried instead on input line 11.


LaTeX Font Warning: Font shape `TU/lmtt/b/scsl' undefined
(Font)              using `TU/lmtt/b/sc' instead on input line 11.


LaTeX Font Warning: Font shape `TU/lmtt/b/sc' undefined
(Font)              using `TU/lmtt/b/n' instead on input line 11.

LaTeX Font Info:    Font shape `TU/lmtt/bx/n' in size <10.95> not available
(Font)              Font shape `TU/lmtt/b/n' tried instead on input line 11.

LaTeX Font Warning: Font shape `TU/lmtt/bx/it' in size <10.95> not available
(Font)              Font shape `TU/lmtt/b/sl' tried instead on input line 11.

LaTeX Font Info:    Font shape `TU/lmtt/bx/sl' in size <10.95> not available
(Font)              Font shape `TU/lmtt/b/sl' tried instead on input line 11.

LaTeX Font Warning: Font shape `TU/lmtt/bx/scsl' undefined
(Font)              using `TU/lmtt/bx/sc' instead on input line 11.


LaTeX Font Warning: Font shape `TU/lmtt/bx/sc' undefined
(Font)              using `TU/lmtt/bx/n' instead on input line 11.


LaTeX Font Warning: Font shape `TU/lmtt/sbx/sc' undefined
(Font)              using `TU/lmtt/sb/sc' instead on input line 11.


LaTeX Font Warning: Font shape `TU/lmtt/sb/n' undefined
(Font)              using `TU/lmtt/m/n' instead on input line 11.


LaTeX Font Warning: Font shape `TU/lmtt/sb/it' undefined
(Font)              using `TU/lmtt/sb/n' instead on input line 11.


LaTeX Font Warning: Font shape `TU/lmtt/sb/sl' undefined
(Font)              using `TU/lmtt/sb/it' instead on input line 11.


LaTeX Font Warning: Font shape `TU/lmtt/sb/scit' undefined
(Font)              using `TU/lmtt/sb/sc' instead on input line 11.


LaTeX Font Warning: Font shape `TU/lmtt/sb/sc' undefined
(Font)              using `TU/lmtt/sb/n' instead on input line 11.


LaTeX Font Warning: Font shape `TU/lmtt/sbc/sc' undefined
(Font)              using `TU/lmtt/c/sc' instead on input line 11.


LaTeX Font Warning: Font shape `TU/lmtt/c/n' undefined
(Font)              using `TU/lmtt/m/n' instead on input line 11.


LaTeX Font Warning: Font shape `TU/lmtt/c/it' undefined
(Font)              using `TU/lmtt/c/n' instead on input line 11.


LaTeX Font Warning: Font shape `TU/lmtt/c/sl' undefined
(Font)              using `TU/lmtt/c/it' instead on input line 11.


LaTeX Font Warning: Font shape `TU/lmtt/c/scit' undefined
(Font)              using `TU/lmtt/c/sc' instead on input line 11.


LaTeX Font Warning: Font shape `TU/lmtt/c/sc' undefined
(Font)              using `TU/lmtt/c/n' instead on input line 11.


LaTeX Font Warning: Font shape `TU/lmtt/lc/it' in size <10.95> not available
(Font)              Font shape `TU/lmtt/lc/sl' tried instead on input line 11.


LaTeX Font Warning: Font shape `TU/lmtt/lc/scsl' undefined
(Font)              using `TU/lmtt/lc/sc' instead on input line 11.


LaTeX Font Warning: Font shape `TU/lmtt/lc/sc' undefined
(Font)              using `TU/lmtt/lc/n' instead on input line 11.


LaTeX Font Warning: Font shape `TU/lmtt/m/ui' undefined
(Font)              using `TU/lmtt/m/n' instead on input line 11.


LaTeX Font Warning: Font shape `TU/lmtt/bx/ui' undefined
(Font)              using `TU/lmtt/bx/n' instead on input line 11.


LaTeX Font Warning: Font shape `TU/lmtt/m/In' undefined
(Font)              using `TU/lmtt/m/n' instead on input line 11.


Package fontspec Info: Adjusting the maths setup (use [no-math] to avoid
(fontspec)             this).

\symlegacymaths=\mathgroup4
LaTeX Font Info:    Overwriting symbol font `legacymaths' in version `bold'
(Font)                  OT1/cmr/m/n --> OT1/cmr/bx/n on input line 11.
LaTeX Font Info:    Redeclaring math accent \acute on input line 11.
LaTeX Font Info:    Redeclaring math accent \grave on input line 11.
LaTeX Font Info:    Redeclaring math accent \ddot on input line 11.
LaTeX Font Info:    Redeclaring math accent \tilde on input line 11.
LaTeX Font Info:    Redeclaring math accent \bar on input line 11.
LaTeX Font Info:    Redeclaring math accent \breve on input line 11.
LaTeX Font Info:    Redeclaring math accent \check on input line 11.
LaTeX Font Info:    Redeclaring math accent \hat on input line 11.
LaTeX Font Info:    Redeclaring math accent \dot on input line 11.
LaTeX Font Info:    Redeclaring math accent \mathring on input line 11.
LaTeX Font Info:    Redeclaring math symbol \colon on input line 11.
LaTeX Font Info:    Redeclaring math symbol \Gamma on input line 11.
LaTeX Font Info:    Redeclaring math symbol \Delta on input line 11.
LaTeX Font Info:    Redeclaring math symbol \Theta on input line 11.
LaTeX Font Info:    Redeclaring math symbol \Lambda on input line 11.
LaTeX Font Info:    Redeclaring math symbol \Xi on input line 11.
LaTeX Font Info:    Redeclaring math symbol \Pi on input line 11.
LaTeX Font Info:    Redeclaring math symbol \Sigma on input line 11.
LaTeX Font Info:    Redeclaring math symbol \Upsilon on input line 11.
LaTeX Font Info:    Redeclaring math symbol \Phi on input line 11.
LaTeX Font Info:    Redeclaring math symbol \Psi on input line 11.
LaTeX Font Info:    Redeclaring math symbol \Omega on input line 11.
LaTeX Font Info:    Redeclaring math symbol \mathdollar on input line 11.
LaTeX Font Info:    Redeclaring symbol font `operators' on input line 11.
LaTeX Font Info:    Encoding `OT1' has changed to `TU' for symbol font
(Font)              `operators' in the math version `normal' on input line 11.
LaTeX Font Info:    Overwriting symbol font `operators' in version `normal'
(Font)                  OT1/cmr/m/n --> TU/Vollkorn(0)/m/n on input line 11.
LaTeX Font Info:    Encoding `OT1' has changed to `TU' for symbol font
(Font)              `operators' in the math version `bold' on input line 11.
LaTeX Font Info:    Overwriting symbol font `operators' in version `bold'
(Font)                  OT1/cmr/bx/n --> TU/Vollkorn(0)/m/n on input line 11.
LaTeX Font Info:    Overwriting symbol font `operators' in version `normal'
(Font)                  TU/Vollkorn(0)/m/n --> TU/Vollkorn(0)/m/n on input line
 11.
LaTeX Font Info:    Overwriting math alphabet `\mathit' in version `normal'
(Font)                  OT1/cmr/m/it --> TU/Vollkorn(0)/m/it on input line 11.
LaTeX Font Info:    Overwriting math alphabet `\mathbf' in version `normal'
(Font)                  OT1/cmr/bx/n --> TU/Vollkorn(0)/b/n on input line 11.
LaTeX Font Info:    Overwriting math alphabet `\mathsf' in version `normal'
(Font)                  OT1/cmss/m/n --> TU/lmss/m/n on input line 11.
LaTeX Font Info:    Overwriting math alphabet `\mathtt' in version `normal'
(Font)                  OT1/cmtt/m/n --> TU/lmtt/m/n on input line 11.
LaTeX Font Info:    Overwriting symbol font `operators' in version `bold'
(Font)                  TU/Vollkorn(0)/m/n --> TU/Vollkorn(0)/b/n on input line
 11.
LaTeX Font Info:    Overwriting math alphabet `\mathit' in version `bold'
(Font)                  OT1/cmr/bx/it --> TU/Vollkorn(0)/b/it on input line 11.

LaTeX Font Info:    Overwriting math alphabet `\mathsf' in version `bold'
(Font)                  OT1/cmss/bx/n --> TU/lmss/b/n on input line 11.
LaTeX Font Info:    Overwriting math alphabet `\mathtt' in version `bold'
(Font)                  OT1/cmtt/m/n --> TU/lmtt/b/n on input line 11.
(/usr/local/texlive/2024/texmf-dist/tex/context/base/mkii/supp-pdf.mkii
[Loading MPS to PDF converter (version 2006.09.02).]
\scratchcounter=\count571
\scratchdimen=\dimen394
\scratchbox=\box93
\nofMPsegments=\count572
\nofMParguments=\count573
\everyMPshowfont=\toks61
\MPscratchCnt=\count574
\MPscratchDim=\dimen395
\MPnumerator=\count575
\makeMPintoPDFobject=\count576
\everyMPtoPDFconversion=\toks62
) (/usr/local/texlive/2024/texmf-dist/tex/latex/epstopdf-pkg/epstopdf-base.sty
Package: epstopdf-base 2020-01-24 v2.11 Base part for package epstopdf
Package epstopdf-base Info: Redefining graphics rule for `.eps' on input line 4
85.

(/usr/local/texlive/2024/texmf-dist/tex/latex/latexconfig/epstopdf-sys.cfg
File: epstopdf-sys.cfg 2010/07/13 v1.3 Configuration of (r)epstopdf for TeX Liv
e
))
LaTeX Info: Redefining \microtypecontext on input line 11.
Package microtype Info: Applying patch `item' on input line 11.
Package microtype Info: Applying patch `toc' on input line 11.
Package microtype Info: Applying patch `eqnum' on input line 11.
Package microtype Info: Applying patch `footnote' on input line 11.
Package microtype Info: Applying patch `verbatim' on input line 11.
Package microtype Info: Generating PDF output.
Package microtype Info: Character protrusion enabled (level 2).
Package microtype Info: Using default protrusion set `alltext'.
Package microtype Info: Automatic font expansion enabled (level 2),
(microtype)             stretch: 20, shrink: 20, step: 1, non-selected.
Package microtype Info: Using default expansion set `alltext-nott'.
LaTeX Info: Redefining \showhyphens on input line 11.
Package microtype Info: No adjustment of tracking.
Package microtype Info: No adjustment of spacing.
Package microtype Info: No adjustment of kerning.
Package microtype Info: Loading generic protrusion settings for font family
(microtype)             `Vollkorn' (encoding: TU).
(microtype)             For optimal results, create family-specific settings.
(microtype)             See the microtype manual for details.
Package caption Info: Begin \AtBeginDocument code.
Package caption Info: float package is loaded.
Package caption Info: hyperref package is loaded.
Package caption Info: longtable package is loaded.

(/usr/local/texlive/2024/texmf-dist/tex/latex/caption/ltcaption.sty
Package: ltcaption 2021/01/08 v1.4c longtable captions (AR)
)
Package caption Info: wrapfig package is loaded.
Package caption Info: End \AtBeginDocument code.
LaTeX Info: Redefining \dots on input line 11.
Package biblatex Info: Trying to load language 'english'...
Package biblatex Info: ... file 'english.lbx' found.

(/usr/local/texlive/2024/texmf-dist/tex/latex/biblatex/lbx/english.lbx
File: english.lbx 2024/03/21 v3.20 biblatex localization (PK/MW)
)
Package biblatex Info: LuaTeX detected.
(biblatex)             Assuming input encoding 'utf8'.
Package biblatex Info: Automatic encoding selection.
(biblatex)             Assuming data encoding 'utf8'.

\openout7 = bindu.bcf
Package biblatex Info: Trying to load bibliographic data...
Package biblatex Info: ... file 'bindu.bbl' found.

(./bindu.bbl)
Package biblatex Info: Reference section=0 on input line 11.
Package biblatex Info: Reference segment=0 on input line 11.
\@float@every@ekdapparatus=\toks63
\c@ekdapparatus=\count577
Package hyperref Info: Link coloring OFF on input line 11.
 (./bindu.out) (./bindu.out)
\@outlinefile=\write9

\openout9 = bindu.out

------------------------------------
headheight = 14.0pt
headsep = 18.0pt
textheight = 541.40024pt
\TotalPrintedHeight=\dimen396
Total printed area (header + text) = 573.40024pt
------------------------------------
@firstpass
\TU/Vollkorn(0)/m/n/20.74 TH
@\par via @0 b=0 p=-10000 d=100
@@1: line 1.2- t=100 -> @0

@firstpass
[]
@\penalty via @0 b=0 p=0 d=100
@@1: line 1.2 t=100 -> @0
\TU/Vollkorn(0)/m/n/20.74 THE 
@ via @0 b=0 p=0 d=100
@ via @1 b=0 p=0 d=100
@@2: line 1.2 t=100 -> @0
TATTVAYO-GABINDU
@\par via @0 b=0 p=-10000 d=100
@\par via @1 b=0 p=-10000 d=100
@\par via @2 b=0 p=-10000 d=100
@@3: line 1.2- t=100 -> @0

@firstpass
\TU/Vollkorn(0)/m/n/20.74 OF
@\par via @0 b=0 p=-10000 d=100
@@1: line 1.2- t=100 -> @0

@firstpass
[]\TU/Vollkorn(0)/m/n/20.74 OF 
@ via @0 b=0 p=0 d=100
@@1: line 1.2 t=100 -> @0
RĀ-MACAN-DRA
@\par via @0 b=0 p=-10000 d=100
@\par via @1 b=0 p=-10000 d=100
@@2: line 1.2- t=100 -> @0

@firstpass
\TU/Vollkorn(0)/m/n/14.4 Cr
@\par via @0 b=0 p=-10000 d=100
@@1: line 1.2- t=100 -> @0

@firstpass
[]\TU/Vollkorn(0)/m/n/14.4 Crit-i-cal 
@ via @0 b=0 p=0 d=100
@@1: line 1.2 t=100 -> @0
Edi-tion 
@ via @0 b=0 p=0 d=100
@ via @1 b=0 p=0 d=100
@@2: line 1.2 t=100 -> @0
and 
@ via @0 b=0 p=0 d=100
@ via @1 b=0 p=0 d=100
@ via @2 b=0 p=0 d=100
@@3: line 1.2 t=100 -> @0
An-no-tated 
@ via @0 b=0 p=0 d=100
@ via @1 b=0 p=0 d=100
@ via @2 b=0 p=0 d=100
@ via @3 b=0 p=0 d=100
@@4: line 1.2 t=100 -> @0
Trans-la-tion 
@ via @0 b=0 p=0 d=100
@ via @1 b=0 p=0 d=100
@ via @2 b=0 p=0 d=100
@ via @3 b=0 p=0 d=100
@ via @4 b=0 p=0 d=100
@@5: line 1.2 t=100 -> @0
of 
@ via @0 b=0 p=0 d=100
@ via @1 b=0 p=0 d=100
@ via @2 b=0 p=0 d=100
@ via @3 b=0 p=0 d=100
@ via @4 b=0 p=0 d=100
@ via @5 b=0 p=0 d=100
@@6: line 1.2 t=100 -> @0
an 
@ via @0 b=0 p=0 d=100
@ via @1 b=0 p=0 d=100
@ via @2 b=0 p=0 d=100
@ via @3 b=0 p=0 d=100
@ via @4 b=0 p=0 d=100
@ via @5 b=0 p=0 d=100
@ via @6 b=0 p=0 d=100
@@7: line 1.2 t=100 -> @0
Early 
@ via @0 b=0 p=0 d=100
@ via @1 b=0 p=0 d=100
@ via @2 b=0 p=0 d=100
@ via @3 b=0 p=0 d=100
@ via @4 b=0 p=0 d=100
@ via @5 b=0 p=0 d=100
@ via @6 b=0 p=0 d=100
@ via @7 b=0 p=0 d=100
@@8: line 1.2 t=100 -> @0
Mod-ern 
@ via @1 b=0 p=0 d=100
@ via @2 b=0 p=0 d=100
@ via @3 b=0 p=0 d=100
@ via @4 b=0 p=0 d=100
@ via @5 b=0 p=0 d=100
@ via @6 b=0 p=0 d=100
@ via @7 b=0 p=0 d=100
@ via @8 b=0 p=0 d=100
@@9: line 2.2 t=200 -> @8
Text 
@ via @2 b=0 p=0 d=100
@ via @3 b=0 p=0 d=100
@ via @4 b=0 p=0 d=100
@ via @5 b=0 p=0 d=100
@ via @6 b=0 p=0 d=100
@ via @7 b=0 p=0 d=100
@ via @8 b=0 p=0 d=100
@ via @9 b=0 p=0 d=100
@@10: line 2.2 t=200 -> @8
on 
@ via @2 b=0 p=0 d=100
@ via @3 b=0 p=0 d=100
@ via @4 b=0 p=0 d=100
@ via @5 b=0 p=0 d=100
@ via @6 b=0 p=0 d=100
@ via @7 b=0 p=0 d=100
@ via @8 b=0 p=0 d=100
@ via @9 b=0 p=0 d=100
@ via @10 b=0 p=0 d=100
@@11: line 2.2 t=200 -> @8
Rā-jayoga, 
@ via @4 b=0 p=0 d=100
@ via @5 b=0 p=0 d=100
@ via @6 b=0 p=0 d=100
@ via @7 b=0 p=0 d=100
@ via @8 b=0 p=0 d=100
@ via @9 b=0 p=0 d=100
@ via @10 b=0 p=0 d=100
@ via @11 b=0 p=0 d=100
@@12: line 2.2 t=200 -> @8
with 
@ via @4 b=0 p=0 d=100
@ via @5 b=0 p=0 d=100
@ via @6 b=0 p=0 d=100
@ via @7 b=0 p=0 d=100
@ via @8 b=0 p=0 d=100
@ via @9 b=0 p=0 d=100
@ via @10 b=0 p=0 d=100
@ via @11 b=0 p=0 d=100
@ via @12 b=0 p=0 d=100
@@13: line 2.2 t=200 -> @8
a 
@ via @4 b=0 p=0 d=100
@ via @5 b=0 p=0 d=100
@ via @6 b=0 p=0 d=100
@ via @7 b=0 p=0 d=100
@ via @8 b=0 p=0 d=100
@ via @9 b=0 p=0 d=100
@ via @10 b=0 p=0 d=100
@ via @11 b=0 p=0 d=100
@ via @12 b=0 p=0 d=100
@ via @13 b=0 p=0 d=100
@@14: line 2.2 t=200 -> @8
Com-par-a-tive 
@ via @5 b=0 p=0 d=100
@ via @6 b=0 p=0 d=100
@ via @7 b=0 p=0 d=100
@ via @8 b=0 p=0 d=100
@ via @9 b=0 p=0 d=100
@ via @10 b=0 p=0 d=100
@ via @11 b=0 p=0 d=100
@ via @12 b=0 p=0 d=100
@ via @13 b=0 p=0 d=100
@ via @14 b=0 p=0 d=100
@@15: line 2.2 t=200 -> @8
Anal-y-sis 
@ via @8 b=0 p=0 d=100
@ via @9 b=0 p=0 d=100
@ via @10 b=0 p=0 d=100
@ via @11 b=0 p=0 d=100
@ via @12 b=0 p=0 d=100
@ via @13 b=0 p=0 d=100
@ via @14 b=0 p=0 d=100
@ via @15 b=0 p=0 d=100
@@16: line 2.2 t=200 -> @8
of 
@ via @8 b=0 p=0 d=100
@ via @9 b=0 p=0 d=100
@ via @10 b=0 p=0 d=100
@ via @11 b=0 p=0 d=100
@ via @12 b=0 p=0 d=100
@ via @13 b=0 p=0 d=100
@ via @14 b=0 p=0 d=100
@ via @15 b=0 p=0 d=100
@ via @16 b=0 p=0 d=100
@@17: line 2.2 t=200 -> @8
the 
@ via @9 b=0 p=0 d=100
@ via @10 b=0 p=0 d=100
@ via @11 b=0 p=0 d=100
@ via @12 b=0 p=0 d=100
@ via @13 b=0 p=0 d=100
@ via @14 b=0 p=0 d=100
@ via @15 b=0 p=0 d=100
@ via @16 b=0 p=0 d=100
@ via @17 b=0 p=0 d=100
@@18: line 3.2 t=300 -> @17
Com-plex 
@ via @10 b=2 p=0 d=144
@ via @11 b=0 p=0 d=100
@ via @12 b=0 p=0 d=100
@ via @13 b=0 p=0 d=100
@ via @14 b=0 p=0 d=100
@ via @15 b=0 p=0 d=100
@ via @16 b=0 p=0 d=100
@ via @17 b=0 p=0 d=100
@ via @18 b=0 p=0 d=100
@@19: line 3.2 t=300 -> @17
Yoga 
@ via @12 b=0 p=0 d=100
@ via @13 b=0 p=0 d=100
@ via @14 b=0 p=0 d=100
@ via @15 b=0 p=0 d=100
@ via @16 b=0 p=0 d=100
@ via @17 b=0 p=0 d=100
@ via @18 b=0 p=0 d=100
@ via @19 b=0 p=0 d=100
@@20: line 3.2 t=300 -> @17
Tax-onomies 
@ via @13 b=0 p=0 d=100
@ via @14 b=0 p=0 d=100
@ via @15 b=0 p=0 d=100
@ via @16 b=0 p=0 d=100
@ via @17 b=0 p=0 d=100
@ via @18 b=0 p=0 d=100
@ via @19 b=0 p=0 d=100
@ via @20 b=0 p=0 d=100
@@21: line 3.2 t=300 -> @17
from 
@ via @15 b=0 p=0 d=100
@ via @16 b=0 p=0 d=100
@ via @17 b=0 p=0 d=100
@ via @18 b=0 p=0 d=100
@ via @19 b=0 p=0 d=100
@ via @20 b=0 p=0 d=100
@ via @21 b=0 p=0 d=100
@@22: line 3.2 t=300 -> @17
the 
@ via @15 b=0 p=0 d=100
@ via @16 b=0 p=0 d=100
@ via @17 b=0 p=0 d=100
@ via @18 b=0 p=0 d=100
@ via @19 b=0 p=0 d=100
@ via @20 b=0 p=0 d=100
@ via @21 b=0 p=0 d=100
@ via @22 b=0 p=0 d=100
@@23: line 3.2 t=300 -> @17
Same 
@ via @15 b=0 p=0 d=100
@ via @16 b=0 p=0 d=100
@ via @17 b=0 p=0 d=100
@ via @18 b=0 p=0 d=100
@ via @19 b=0 p=0 d=100
@ via @20 b=0 p=0 d=100
@ via @21 b=0 p=0 d=100
@ via @22 b=0 p=0 d=100
@ via @23 b=0 p=0 d=100
@@24: line 3.2 t=300 -> @17
Pe-riod
@\par via @16 b=0 p=-10000 d=100
@\par via @17 b=0 p=-10000 d=100
@\par via @18 b=0 p=-10000 d=100
@\par via @19 b=0 p=-10000 d=100
@\par via @20 b=0 p=-10000 d=100
@\par via @21 b=0 p=-10000 d=100
@\par via @22 b=0 p=-10000 d=100
@\par via @23 b=0 p=-10000 d=100
@\par via @24 b=0 p=-10000 d=100
@@25: line 3.2- t=300 -> @17

[1


{/usr/local/texlive/2024/texmf-var/fonts/map/pdftex/updmap/pdftex.map}]
<pics/purna.jpg, id=57, 407.5225pt x 563.10374pt>
File: pics/purna.jpg Graphic file (type jpg)
<use pics/purna.jpg>
Package luatex.def Info: pics/purna.jpg  used on input line 86.
(luatex.def)             Requested size: 88.75pt x 122.62874pt.
@firstpass
[][]
@\par via @0 b=0 p=-10000 d=100
@@1: line 1.2- t=100 -> @0


[2<./pics/purna.jpg>]
<pics/folio1.jpg, id=63, 1337.99875pt x 453.695pt>
File: pics/folio1.jpg Graphic file (type jpg)
<use pics/folio1.jpg>
Package luatex.def Info: pics/folio1.jpg  used on input line 95.
(luatex.def)             Requested size: 532.5pt x 180.56789pt.
@firstpass
[][]
@\par via @0 b=0 p=-10000 d=100
@@1: line 1.2- t=100 -> @0

LaTeX Font Info:    External font `cmex10' loaded for size
(Font)              <10.95> on input line 1.
LaTeX Font Info:    External font `cmex10' loaded for size
(Font)              <8> on input line 1.
LaTeX Font Info:    External font `cmex10' loaded for size
(Font)              <6> on input line 1.

(/usr/local/texlive/2024/texmf-dist/tex/latex/microtype/mt-cmr.cfg
File: mt-cmr.cfg 2013/05/19 v2.2 microtype config. file: Computer Modern Roman 
(RS)
)
@firstpass
[]\TU/Vollkorn(0)/m/n/10.95 Fig-ure 1: |Fo-lio 1v of Ms. []N$[][]$.| 
@\par via @0 b=0 p=-10000 d=100
@@1: line 1.2- t=100 -> @0

@firstpass
[][] 
@\par via @0 b=0 p=-10000 d=100
@@1: line 1.2- t=100 -> @0

 [3<./pics/folio1.jpg>] [4



]
LaTeX Font Info:    Font shape `TU/Vollkorn(0)/bx/n' in size <24.88> not availa
ble
(Font)              Font shape `TU/Vollkorn(0)/b/n' tried instead on input line
 122.
@firstpass
[]\TU/Vollkorn(0)/b/n/24.88 Contents[][][][]
@\par via @0 b=0 p=-10000 d=100
@@1: line 1.2- t=100 -> @0

 (./bindu.toc
LaTeX Font Info:    Font shape `TU/Vollkorn(0)/bx/n' in size <10.95> not availa
ble
(Font)              Font shape `TU/Vollkorn(0)/b/n' tried instead on input line
 5.
@firstpass
[][] []\TU/Vollkorn(0)/b/n/10.95 Con-tents[] [] 
@\par via @0 b=0 p=-10000 d=100
@@1: line 1.2- t=100 -> @0

@firstpass
[][] []\TU/Vollkorn(0)/b/n/10.95 List of Fig-ures[] [] 
@\par via @0 b=0 p=-10000 d=100
@@1: line 1.2- t=100 -> @0

@firstpass
[][] []\TU/Vollkorn(0)/b/n/10.95 List of Ta-bles[] [] 
@\par via @0 b=0 p=-10000 d=100
@@1: line 1.2- t=100 -> @0

@firstpass
@secondpass
@emergencypass
\TU/Vollkorn(0)/b/n/10.95 In
@\par via @0 b=10000 p=-10000 d=*
@@1: line 1.0- t=0 -> @0

@firstpass
[][] [][]\TU/Vollkorn(0)/b/n/10.95 In-tro-duc-tion[] [] 
@\par via @0 b=0 p=-10000 d=100
@@1: line 1.2- t=100 -> @0

@firstpass
@secondpass
@emergencypass
\TU/Vollkorn(0)/b/n/10.95 Cr
@\par via @0 b=10000 p=-10000 d=*
@@1: line 1.0- t=0 -> @0

LaTeX Font Info:    Font shape `TU/Vollkorn(0)/bx/it' in size <10.95> not avail
able
(Font)              Font shape `TU/Vollkorn(0)/b/it' tried instead on input lin
e 11.
@firstpass
[][] [][]\TU/Vollkorn(0)/b/n/10.95 Crit-i-cal Edi-tion & An-no-tated Trans-la-ti
on of the \TU/Vollkorn(0)/b/it/10.95 Tattvayo-gabindu[] [] 
@\par via @0 b=0 p=-10000 d=100
@@1: line 1.2- t=100 -> @0

@firstpass
@secondpass
@emergencypass
\TU/Vollkorn(0)/b/n/10.95 Ap
@\par via @0 b=10000 p=-10000 d=*
@@1: line 1.0- t=0 -> @0

@firstpass
[][] [][]\TU/Vollkorn(0)/b/n/10.95 Ap-pendix[] [] 
@\par via @0 b=0 p=-10000 d=100
@@1: line 1.2- t=100 -> @0

@firstpass
@secondpass
@emergencypass
\TU/Vollkorn(0)/m/n/10.95 Fi
@\par via @0 b=10000 p=-10000 d=*
@@1: line 1.0- t=0 -> @0

@firstpass
[][] [][]\TU/Vollkorn(0)/m/n/10.95 Fig-ures[] [] 
@\par via @0 b=0 p=-10000 d=100
@@1: line 1.2- t=100 -> @0

@firstpass
@secondpass
@emergencypass
\TU/Vollkorn(0)/b/n/10.95 Bi
@\par via @0 b=10000 p=-10000 d=*
@@1: line 1.0- t=0 -> @0

@firstpass
[][] [][]\TU/Vollkorn(0)/b/n/10.95 Bib-li-og-ra-phy[] [] 
@\par via @0 b=0 p=-10000 d=100
@@1: line 1.2- t=100 -> @0

@firstpass
[][] []\TU/Vollkorn(0)/m/n/10.95 Sec-ondary Lit-er-a-ture[] [] 
@\par via @0 b=0 p=-10000 d=100
@@1: line 1.2- t=100 -> @0

@firstpass
[][] []\TU/Vollkorn(0)/b/n/10.95 In-dex[] [] 
@\par via @0 b=0 p=-10000 d=100
@@1: line 1.2- t=100 -> @0

@firstpass
[][] []\TU/Vollkorn(0)/b/n/10.95 In-dex[] [] 
@\par via @0 b=0 p=-10000 d=100
@@1: line 1.2- t=100 -> @0

) [5]
@firstpass
[]\TU/Vollkorn(0)/b/n/24.88 List 
@ via @0 b=0 p=0 d=100
@@1: line 1.2 t=100 -> @0
of 
@ via @0 b=0 p=0 d=100
@ via @1 b=0 p=0 d=100
@@2: line 1.2 t=100 -> @0
Figures[][][][]
@\par via @0 b=0 p=-10000 d=100
@\par via @1 b=0 p=-10000 d=100
@\par via @2 b=0 p=-10000 d=100
@@3: line 1.2- t=100 -> @0

 (./bindu.lof
@firstpass
@secondpass
@emergencypass
\TU/Vollkorn(0)/m/n/10.95 Fo
@\par via @0 b=10000 p=-10000 d=*
@@1: line 1.0- t=0 -> @0

@firstpass
[][] [][]\TU/Vollkorn(0)/m/n/10.95 Fo-lio 1v of Ms. []N$[][]$.[][] [] 
@\par via @0 b=0 p=-10000 d=100
@@1: line 1.2- t=100 -> @0

@firstpass
@secondpass
@emergencypass
\TU/Vollkorn(0)/m/n/10.95 Th
@\par via @0 b=10000 p=-10000 d=*
@@1: line 1.0- t=0 -> @0

@firstpass
[][] [][]\TU/Vollkorn(0)/m/n/10.95 The \TU/Vollkorn(0)/m/it/10.95 de-has-varūpa
 \TU/Vollkorn(0)/m/n/10.95 of \TU/Vollkorn(0)/m/it/10.95 ajapāgāy-a-trī[] []
 
@\par via @0 b=0 p=-10000 d=100
@@1: line 1.2- t=100 -> @0

@firstpass
@secondpass
@emergencypass
\TU/Vollkorn(0)/m/n/10.95 Vi
@\par via @0 b=10000 p=-10000 d=*
@@1: line 1.0- t=0 -> @0

@firstpass
[][] [][]\TU/Vollkorn(0)/m/n/10.95 Viṣṇu Viś-varūpa, In-dia, Ra-jasthan, 
Jaipur, ca. 1800–1820, Opaque 
@ via @0 b=29 p=0 d=1521
@@1: line 1.3 t=1521 -> @0
wa-ter-color and gold on pa-per, 38.5 × 28 cm, Vic-to-ria and Al-bert 
@ via @1 b=0 p=0 d=100
@@2: line 2.2 t=1621 -> @1
Mu-seum, Lon-don, Given by Mrs. Ger-ald Clark.[] [] 
@\par via @2 b=0 p=-10000 d=100
@@3: line 3.2- t=1721 -> @2

@firstpass
@secondpass
@emergencypass
\TU/Vollkorn(0)/m/n/10.95 Th
@\par via @0 b=10000 p=-10000 d=*
@@1: line 1.0- t=0 -> @0

@firstpass
[][] [][]\TU/Vollkorn(0)/m/n/10.95 The Equiv-a-lence of Self and Uni-verse (de-t
ail), fo-lio 6 from the 
@ via @0 b=7 p=0 d=289
@@1: line 1.2 t=289 -> @0
\TU/Vollkorn(0)/m/it/10.95 Sid-dhasid-dhān-ta-pad-dhati \TU/Vollkorn(0)/m/n/10
.95 (Bu-laki), In-dia, Ra-jasthan, Jodh-pur, 1824 
@ via @1 b=0 p=0 d=100
@@2: line 2.2 t=389 -> @1
(Sam-vat 1881), 122 x 46 cm, RJS 2378, Mehra-garh Mu-seum Trust.[] [] 
@\par via @2 b=0 p=-10000 d=100
@@3: line 3.2- t=489 -> @2

) [6]
@firstpass
[]\TU/Vollkorn(0)/b/n/24.88 List 
@ via @0 b=0 p=0 d=100
@@1: line 1.2 t=100 -> @0
of 
@ via @0 b=0 p=0 d=100
@ via @1 b=0 p=0 d=100
@@2: line 1.2 t=100 -> @0
Tables[][][][]
@\par via @0 b=0 p=-10000 d=100
@\par via @1 b=0 p=-10000 d=100
@\par via @2 b=0 p=-10000 d=100
@@3: line 1.2- t=100 -> @0

 (./bindu.lot) [7] [8

]
LaTeX Font Info:    Font shape `TU/Vollkorn(0)/bx/n' in size <20.74> not availa
ble
(Font)              Font shape `TU/Vollkorn(0)/b/n' tried instead on input line
 156.
@firstpass
[]\TU/Vollkorn(0)/b/n/20.74 Chap-ter 
@ via @0 b=0 p=0 d=100
@@1: line 1.2 t=100 -> @0
1 
@\par via @0 b=0 p=-10000 d=100
@\par via @1 b=0 p=-10000 d=100
@@2: line 1.2- t=100 -> @0

@firstpass
[]\TU/Vollkorn(0)/b/n/24.88 In-tro-duc-tion 
@\par via @0 b=0 p=-10000 d=100
@@1: line 1.2- t=100 -> @0


[1

] [2

]
Package lettrine.sty Info: Targeted height = 21.8278pt
(lettrine.sty)             (for loversize=0, accent excluded),
(lettrine.sty)             Lettrine height = 21.82771pt (T);
(lettrine.sty)             reported on input line 159.
LaTeX Font Info:    External font `cmex10' loaded for size
(Font)              <9> on input line 159.
LaTeX Font Info:    External font `cmex10' loaded for size
(Font)              <5> on input line 159.
@firstpass
@secondpass
@emergencypass
\TU/Vollkorn(0)/m/n/9 On
@\par via @0 b=10000 p=-10000 d=*
@@1: line 1.0- t=0 -> @0

@firstpass
@secondpass
[][][][][]\TU/Vollkorn(0)/m/n/9 Once more I would like to stress that in or-der to avoid ter-mi-no-log-i-cal con-
@\discretionary via @0 b=5345 p=50 d=28688525
@@1: line 1.0- t=28688525 -> @0
fu-
@\discretionary via @0 b=2856 p=50 d=8226456
@@2: line 1.0- t=8226456 -> @0
sion, 
@ via @0 b=460 p=0 d=230900
@@3: line 1.0 t=230900 -> @0
I 
@ via @0 b=110 p=0 d=24400
@@4: line 1.0 t=24400 -> @0
con-
@\discretionary via @0 b=0 p=50 d=2600
@@5: line 1.2- t=2600 -> @0
sis-
@\discretionary via @0 b=3 p=50 d=2669
@@6: line 1.2- t=2669 -> @0
tently fol-low Camillo Formi-gatti’s[] us-age in dis-tin-guish-ing be-tween 
@ via @1 b=4752 p=0 d=22676644
@@7: line 2.0 t=51365169 -> @1
the 
@ via @1 b=457 p=0 d=218089
@ via @2 b=1681 p=0 d=2859481
@@8: line 2.0 t=11085937 -> @2
fi-
@\discretionary via @1 b=19 p=50 d=13341
@\discretionary via @2 b=271 p=50 d=91461
@\discretionary via @3 b=6063 p=50 d=36883829
@@9: line 2.0- t=8317917 -> @2
nal 
@ via @1 b=0 p=0 d=10100
@ via @2 b=3 p=0 d=10169
@ via @3 b=2020 p=0 d=4120900
@ via @4 b=4859 p=0 d=23707161
@@10: line 2.0 t=4351800 -> @3
rubric—the 
@ via @4 b=73 p=0 d=16889
@ via @5 b=0 p=0 d=100
@ via @6 b=25 p=0 d=1225
@@11: line 2.1 t=3894 -> @6
@@12: line 2.2 t=2700 -> @5
string 
@ via @6 b=79 p=0 d=7921
@@13: line 2.3 t=10590 -> @6
of words mark-ing the end of a tex-tual unit, of-ten 
@ via @7 b=7981 p=0 d=63856081
@@14: line 3.0 t=115221250 -> @7
in-
@\discretionary via @7 b=2884 p=50 d=8377736
@@15: line 3.0- t=59742905 -> @7
clud-
@\discretionary via @7 b=530 p=50 d=294100
@\discretionary via @8 b=3039 p=50 d=9298901
@\discretionary via @9 b=4673 p=50 d=21942989
@@16: line 3.0- t=20384838 -> @8
ing 
@ via @7 b=70 p=0 d=6400
@ via @8 b=1067 p=0 d=1159929
@ via @9 b=1931 p=0 d=3767481
@ via @10 b=7558 p=0 d=57274624
@@17: line 3.0 t=12085398 -> @9
an 
@ via @7 b=0 p=0 d=10100
@ via @8 b=141 p=0 d=22801
@ via @9 b=389 p=0 d=159201
@ via @10 b=2478 p=0 d=6190144
@@18: line 3.0 t=8477118 -> @9
as-
@\discretionary via @7 b=0 p=50 d=12600
@\discretionary via @8 b=0 p=50 d=12600
@\discretionary via @9 b=19 p=50 d=13341
@\discretionary via @10 b=539 p=50 d=303901
@@19: line 3.0- t=4655701 -> @10
ser-
@\discretionary via @8 b=0 p=50 d=12600
@\discretionary via @9 b=0 p=50 d=22600
@\discretionary via @10 b=53 p=50 d=6469
@@20: line 3.1- t=4358269 -> @10
tion 
@ via @9 b=18 p=0 d=10784
@ via @10 b=0 p=0 d=10100
@ via @11 b=5359 p=0 d=28826161
@ via @12 b=5359 p=0 d=28836161
@@21: line 3.2 t=4361900 -> @10
of 
@ via @10 b=0 p=0 d=10100
@ via @11 b=2057 p=0 d=4272489
@ via @12 b=2057 p=0 d=4282489
@@22: line 3.0 t=4276383 -> @11
au-
@\discretionary via @11 b=345 p=50 d=128525
@\discretionary via @12 b=345 p=50 d=138525
@\discretionary via @13 b=4752 p=50 d=22689144
@@23: line 3.0- t=132419 -> @11
thor-
@\discretionary via @11 b=1 p=50 d=2621
@\discretionary via @12 b=1 p=50 d=2621
@\discretionary via @13 b=1163 p=50 d=1388429
@@24: line 3.2- t=5321 -> @12
ship 
@ via @11 b=0 p=0 d=100
@ via @12 b=0 p=0 d=100
@ via @13 b=119 p=0 d=26641
@@25: line 3.2 t=2800 -> @12
and 
@ via @13 b=0 p=0 d=100
@@26: line 3.2 t=10690 -> @13
ti-
@\discretionary via @13 b=0 p=50 d=2600
@@27: line 3.2- t=13190 -> @13
tle—and the colophon proper of a manuscript, 
@ via @14 b=0 p=0 d=10100
@ via @15 b=34 p=0 d=1936
@ via @16 b=1168 p=0 d=1387684
@ via @17 b=6236 p=0 d=39012516
@@28: line 4.0 t=21772522 -> @16
that 
@ via @14 b=54 p=0 d=14096
@ via @15 b=0 p=0 d=10100
@ via @16 b=8 p=0 d=10324
@ via @17 b=591 p=0 d=361201
@ via @18 b=3098 p=0 d=9659664
@ via @19 b=6300 p=0 d=39816100
@@29: line 4.0 t=12446599 -> @17
is, 
@ via @15 b=80 p=0 d=18100
@ via @16 b=0 p=0 d=10100
@ via @17 b=63 p=0 d=5329
@ via @18 b=804 p=0 d=662596
@ via @19 b=2134 p=0 d=4596736
@ via @20 b=5817 p=0 d=33953929
@@30: line 4.0 t=9139714 -> @18
the 
@ via @16 b=48 p=0 d=13364
@ via @17 b=0 p=0 d=10100
@ via @18 b=13 p=0 d=529
@ via @19 b=174 p=0 d=33856
@ via @20 b=1062 p=0 d=1149184
@ via @21 b=6332 p=0 d=40230964
@@31: line 4.0 t=4689557 -> @19
state-
@\discretionary via @18 b=6 p=50 d=12756
@\discretionary via @19 b=0 p=50 d=22600
@\discretionary via @20 b=3 p=50 d=12669
@\discretionary via @21 b=594 p=50 d=377316
@\discretionary via @22 b=2469 p=50 d=6147941
@\discretionary via @23 b=5388 p=50 d=29150904
@@32: line 4.2- t=4370938 -> @20
ment 
@ via @20 b=1 p=0 d=121
@ via @21 b=1 p=0 d=121
@ via @22 b=174 p=0 d=33856
@ via @23 b=887 p=0 d=804609
@ via @24 b=4739 p=0 d=22563001
@@33: line 4.0 t=937028 -> @23
pro-
@\discretionary via @21 b=0 p=50 d=2600
@\discretionary via @22 b=0 p=50 d=12600
@\discretionary via @23 b=9 p=50 d=22861
@\discretionary via @24 b=674 p=50 d=490356
@\discretionary via @25 b=5274 p=50 d=27933156
@@34: line 4.2- t=155280 -> @23
vid-
@\discretionary via @22 b=7 p=50 d=12789
@\discretionary via @23 b=0 p=50 d=22600
@\discretionary via @24 b=60 p=50 d=17400
@\discretionary via @25 b=1796 p=50 d=3274136
@@35: line 4.1- t=22721 -> @24
ing 
@ via @23 b=20 p=0 d=10900
@ via @24 b=0 p=0 d=100
@ via @25 b=446 p=0 d=217936
@ via @26 b=4048 p=0 d=16477364
@ via @27 b=6461 p=0 d=41883841
@@36: line 4.2 t=5421 -> @24
in-
@\discretionary via @24 b=0 p=50 d=12600
@\discretionary via @25 b=15 p=50 d=3125
@\discretionary via @26 b=914 p=50 d=866276
@\discretionary via @27 b=1803 p=50 d=3309469
@@37: line 4.1- t=5925 -> @25
for-
@\discretionary via @25 b=0 p=50 d=2600
@\discretionary via @26 b=111 p=50 d=27141
@\discretionary via @27 b=386 p=50 d=179316
@@38: line 4.2- t=5400 -> @25
ma-
@\discretionary via @25 b=18 p=50 d=3284
@\discretionary via @26 b=0 p=50 d=2600
@\discretionary via @27 b=9 p=50 d=12861
@@39: line 4.2- t=13290 -> @26
@@40: line 4.3- t=6084 -> @25
tion 
@ via @26 b=1 p=0 d=121
@ via @27 b=0 p=0 d=100
@@41: line 4.2 t=10811 -> @26
on the date, place, agency, or pur-
@\discretionary via @28 b=5741 p=50 d=33076501
@@42: line 5.0- t=54849023 -> @28
pose 
@ via @28 b=1472 p=0 d=2196324
@ via @29 b=8151 p=0 d=66601921
@@43: line 5.0 t=23968846 -> @28
of 
@ via @28 b=334 p=0 d=118336
@ via @29 b=3158 p=0 d=10036224
@@44: line 5.0 t=21890858 -> @28
the 
@ via @28 b=1 p=0 d=10121
@ via @29 b=480 p=0 d=240100
@ via @30 b=2189 p=0 d=4835601
@@45: line 5.0 t=12686699 -> @29
manuscript’s 
@ via @31 b=0 p=0 d=10100
@ via @32 b=103 p=0 d=22769
@ via @33 b=3492 p=0 d=12264004
@@46: line 5.0 t=4393707 -> @32
pro-
@\discretionary via @32 b=0 p=50 d=12600
@\discretionary via @33 b=316 p=50 d=108776
@\discretionary via @34 b=1917 p=50 d=3735829
@\discretionary via @35 b=5446 p=50 d=29780436
@@47: line 5.0- t=1045804 -> @33
duc-
@\discretionary via @32 b=73 p=50 d=19389
@\discretionary via @33 b=1 p=50 d=12621
@\discretionary via @34 b=285 p=50 d=109525
@\discretionary via @35 b=1622 p=50 d=2675924
@\discretionary via @36 b=7099 p=50 d=50550381
@@48: line 5.0- t=264805 -> @34
tion. 
@ via @33 b=0 p=0 d=10100
@ via @34 b=0 p=0 d=100
@ via @35 b=181 p=0 d=36481
@ via @36 b=2005 p=0 d=4070225
@ via @37 b=4266 p=0 d=18284176
@@49: line 5.0 t=59202 -> @35
See 
@ via @34 b=6 p=0 d=256
@ via @35 b=0 p=0 d=100
@ via @36 b=58 p=0 d=4624
@ via @37 b=308 p=0 d=101124
@ via @38 b=1297 p=0 d=1718249
@ via @39 b=3579 p=0 d=12890921
@ via @40 b=3579 p=0 d=12890921
@@50: line 5.1 t=10045 -> @36
Formi-
@\discretionary via @36 b=10 p=50 d=2900
@\discretionary via @37 b=0 p=50 d=12600
@\discretionary via @38 b=1 p=50 d=12621
@\discretionary via @39 b=135 p=50 d=43525
@\discretionary via @40 b=135 p=50 d=43525
@\discretionary via @41 b=1655 p=50 d=2784725
@@51: line 5.2- t=8321 -> @36
gatti, 
@ via @38 b=0 p=0 d=100
@ via @39 b=0 p=0 d=100
@ via @40 b=0 p=0 d=100
@ via @41 b=185 p=0 d=48025
@@52: line 5.2 t=5500 -> @38
2022: 
@ via @41 b=0 p=0 d=100
@@53: line 5.2 t=10911 -> @41
48–49.| 
@\par via @42 b=0 p=-10000 d=15100
@\par via @43 b=0 p=-10000 d=10100
@\par via @44 b=0 p=-10000 d=10100
@\par via @45 b=0 p=-10000 d=10100
@\par via @46 b=0 p=-10000 d=10100
@\par via @47 b=0 p=-10000 d=15100
@\par via @48 b=0 p=-10000 d=15100
@\par via @49 b=0 p=-10000 d=10100
@\par via @50 b=0 p=-10000 d=100
@\par via @51 b=0 p=-10000 d=5100
@\par via @52 b=0 p=-10000 d=100
@\par via @53 b=0 p=-10000 d=100
@@54: line 6.2- t=5600 -> @52

@firstpass
[][]\TU/Vollkorn(0)/m/sc/10.95 󰃟󰂸[] \TU/Vollkorn(0)/m/n/10.95 fol-low-ing sec-tion cov-ers es-sen-tial text-critical for-mal-i-ties. Fol-low-ing 
@ via @0 b=0 p=0 d=100
@@1: line 1.2 t=100 -> @0
a de-scrip-tion of the con-sulted and un-con-sulted wit-nesses[], the ti-tle is 
@ via @1 b=0 p=0 d=100
@@2: line 2.2 t=200 -> @1
dis-cussed. This is par-tic-u-larly rel-e-vant in the case of Rā-macan-dra’s[] text, 
@ via @2 b=29 p=0 d=1521
@@3: line 3.1 t=1721 -> @2
@secondpass
[][]\TU/Vollkorn(0)/m/sc/10.95 󰃟󰂸[] \TU/Vollkorn(0)/m/n/10.95 fol-low-ing sec-tion cov-ers es-sen-tial text-critical for-mal-i-ties. Fol-
@\discretionary via @0 b=631 p=50 d=423381
@@1: line 1.0- t=423381 -> @0
low-
@\discretionary via @0 b=0 p=50 d=2600
@@2: line 1.2- t=2600 -> @0
ing 
@ via @0 b=0 p=0 d=100
@@3: line 1.2 t=100 -> @0
a de-scrip-tion of the con-sulted and un-con-sulted wit-nesses[], 
@ via @1 b=684 p=0 d=481636
@@4: line 2.0 t=905017 -> @1
the 
@ via @2 b=323 p=0 d=120889
@ via @1 b=0 p=0 d=10100
@@5: line 2.0 t=123489 -> @2
ti-
@\discretionary via @3 b=896 p=50 d=833336
@\discretionary via @2 b=2 p=50 d=12644
@\discretionary via @1 b=2 p=50 d=22644
@@6: line 2.2- t=15244 -> @2
tle 
@ via @3 b=124 p=0 d=27956
@ via @2 b=0 p=0 d=100
@@7: line 2.2 t=2700 -> @2
is 
@ via @3 b=0 p=0 d=100
@ via @2 b=21 p=0 d=961
@@8: line 2.2 t=200 -> @3
@@9: line 2.3 t=3561 -> @2
dis-
@\discretionary via @3 b=37 p=50 d=4709
@@10: line 2.3- t=4809 -> @3
cussed. This is par-tic-u-larly rel-e-vant in the case of Rā-macan-
@\discretionary via @4 b=0 p=50 d=12600
@\discretionary via @5 b=265 p=50 d=78125
@\discretionary via @6 b=681 p=50 d=499981
@@11: line 3.0- t=201614 -> @5
dra’s[] 
@ via @4 b=31 p=0 d=11681
@ via @5 b=0 p=0 d=10100
@ via @6 b=8 p=0 d=324
@ via @7 b=401 p=0 d=178921
@@12: line 3.2 t=15568 -> @6
text, 
@ via @6 b=4 p=0 d=196
@ via @7 b=0 p=0 d=100
@ via @8 b=29 p=0 d=1521
@ via @9 b=29 p=0 d=11521
@ via @10 b=546 p=0 d=319136
@@13: line 3.1 t=1721 -> @8
@@14: line 3.2 t=2800 -> @7
where 
@ via @10 b=0 p=0 d=100
@@15: line 3.2 t=4909 -> @10
an un-usual sit-u-a-tion arises: the text is known by at 
@ via @11 b=776 p=0 d=617796
@@16: line 4.0 t=819410 -> @11
least 
@ via @11 b=1 p=0 d=10121
@ via @12 b=804 p=0 d=672596
@@17: line 4.2 t=211735 -> @11
eleven 
@ via @12 b=0 p=0 d=100
@ via @13 b=252 p=0 d=68644
@ via @14 b=252 p=0 d=78644
@@18: line 4.2 t=15668 -> @12
dif-f
@\discretionary via @12 b=79 p=50 d=10421
@\discretionary via @13 b=0 p=50 d=2600
@\discretionary via @14 b=0 p=50 d=2600
@@19: line 4.2- t=4321 -> @13
er-
@\discretionary via @13 b=0 p=50 d=2600
@\discretionary via @14 b=0 p=50 d=2600
@\discretionary via @15 b=279 p=50 d=96021
@@20: line 4.2- t=4321 -> @13
ent 
@ via @15 b=10 p=0 d=400
@@21: line 4.2 t=5309 -> @15
ti-
@\discretionary via @15 b=0 p=50 d=2600
@@22: line 4.2- t=7509 -> @15
tles 
@ via @15 b=38 p=0 d=2304
@@23: line 4.3 t=7213 -> @15
ac-cord-ing to the fi-nal rubrics[], colophons[],[][][][] ti-
@\discretionary via @16 b=71 p=50 d=9061
@@24: line 5.1- t=828471 -> @16
tle 
@ via @16 b=0 p=0 d=10100
@@25: line 5.2 t=829510 -> @16
pages, 
@ via @17 b=0 p=0 d=100
@@26: line 5.2 t=211835 -> @17
li-
@\discretionary via @17 b=33 p=50 d=4349
@\discretionary via @18 b=200 p=50 d=56600
@@27: line 5.0- t=72268 -> @18
brary 
@ via @18 b=0 p=0 d=100
@ via @19 b=3 p=0 d=169
@ via @20 b=327 p=0 d=123569
@@28: line 5.2 t=4490 -> @19
cards, 
@ via @20 b=0 p=0 d=100
@ via @21 b=11 p=0 d=441
@ via @22 b=132 p=0 d=30164
@@29: line 5.2 t=4421 -> @20
the 
@ via @21 b=0 p=0 d=100
@ via @22 b=0 p=0 d=100
@ via @23 b=124 p=0 d=27956
@@30: line 5.2 t=5409 -> @21
printed edi-tion, and ci-ta-tions. Thus, this 
@ via @24 b=725 p=0 d=540225
@@31: line 6.0 t=1368696 -> @24
phe-
@\discretionary via @24 b=3 p=50 d=12669
@\discretionary via @25 b=255 p=50 d=82725
@@32: line 6.2- t=841140 -> @24
nomenon 
@ via @26 b=21 p=0 d=961
@ via @27 b=138 p=0 d=21904
@@33: line 6.0 t=94172 -> @27
re-
@\discretionary via @26 b=0 p=50 d=2600
@\discretionary via @27 b=0 p=50 d=22600
@@34: line 6.2- t=94868 -> @27
quires 
@ via @28 b=0 p=0 d=100
@@35: line 6.2 t=4590 -> @28
fur-
@\discretionary via @28 b=45 p=50 d=5525
@\discretionary via @29 b=100 p=50 d=24600
@@36: line 6.3- t=10015 -> @28
ther 
@ via @29 b=0 p=0 d=100
@ via @30 b=136 p=0 d=31316
@@37: line 6.2 t=4521 -> @29
dis-
@\discretionary via @30 b=0 p=50 d=2600
@@38: line 6.2- t=8009 -> @30
cus-sion. Sub-se-quently, the source texts[], 
@ via @31 b=2 p=0 d=10144
@ via @32 b=887 p=0 d=814609
@@39: line 7.2 t=1378840 -> @31
tes-
@\discretionary via @31 b=25 p=50 d=13725
@\discretionary via @32 b=0 p=50 d=12600
@@40: line 7.2- t=853740 -> @32
ti-
@\discretionary via @32 b=0 p=50 d=12600
@@41: line 7.2- t=853740 -> @32
mo-nia[] 
@ via @33 b=244 p=0 d=64516
@@42: line 7.0 t=158688 -> @33
and 
@ via @33 b=0 p=0 d=10100
@ via @34 b=2 p=0 d=144
@@43: line 7.2 t=95012 -> @34
par-
@\discretionary via @34 b=33 p=50 d=14349
@\discretionary via @35 b=211 p=50 d=61341
@@44: line 7.0- t=65931 -> @35
al-
@\discretionary via @35 b=13 p=50 d=3029
@\discretionary via @36 b=581 p=50 d=371781
@@45: line 7.1- t=7619 -> @35
lels[] 
@ via @35 b=0 p=0 d=100
@ via @36 b=17 p=0 d=10729
@@46: line 7.2 t=4690 -> @35
are 
@ via @36 b=0 p=0 d=100
@ via @37 b=95 p=0 d=11025
@@47: line 7.1 t=15546 -> @37
@@48: line 7.2 t=10115 -> @36
briefly 
@ via @38 b=0 p=0 d=100
@@49: line 7.2 t=8109 -> @38
de-scribed and con-tex-tu-alised. Next, 
@ via @39 b=107 p=0 d=23689
@@50: line 8.0 t=1402529 -> @39
I 
@ via @39 b=3 p=0 d=169
@ via @40 b=289 p=0 d=99401
@ via @41 b=816 p=0 d=692276
@@51: line 8.0 t=953141 -> @40
will 
@ via @39 b=10 p=0 d=400
@ via @40 b=0 p=0 d=100
@ via @41 b=3 p=0 d=169
@@52: line 8.2 t=853840 -> @40
present 
@ via @42 b=0 p=0 d=10100
@ via @43 b=389 p=0 d=169201
@@53: line 8.2 t=168788 -> @42
a 
@ via @42 b=0 p=0 d=10100
@ via @43 b=65 p=0 d=5625
@ via @44 b=936 p=0 d=894916
@@54: line 8.1 t=100637 -> @43
stem-
@\discretionary via @43 b=7 p=50 d=2789
@\discretionary via @44 b=0 p=50 d=22600
@\discretionary via @45 b=22 p=50 d=13524
@\discretionary via @46 b=887 p=50 d=817109
@@55: line 8.1- t=21143 -> @45
matic 
@ via @45 b=5 p=0 d=225
@ via @46 b=1 p=0 d=121
@ via @47 b=449 p=0 d=210681
@ via @48 b=449 p=0 d=220681
@@56: line 8.2 t=4811 -> @46
anal-
@\discretionary via @47 b=0 p=50 d=2600
@\discretionary via @48 b=0 p=50 d=2600
@@57: line 8.2- t=12715 -> @48
y-
@\discretionary via @47 b=0 p=50 d=2600
@\discretionary via @48 b=0 p=50 d=2600
@\discretionary via @49 b=666 p=50 d=469476
@@58: line 8.2- t=12715 -> @48
sis[], 
@ via @49 b=69 p=0 d=6241
@@59: line 8.1 t=14350 -> @49
dis-
@\discretionary via @49 b=0 p=50 d=2600
@@60: line 8.2- t=10709 -> @49
cuss the text’s stylis-tic pe-cu-liar-
@\discretionary via @50 b=267 p=50 d=79229
@\discretionary via @51 b=995 p=50 d=1012525
@@61: line 9.0- t=1481758 -> @50
i-
@\discretionary via @50 b=129 p=50 d=21821
@\discretionary via @51 b=601 p=50 d=375821
@@62: line 9.0- t=1328962 -> @51
ties, 
@ via @50 b=0 p=0 d=10100
@ via @51 b=1 p=0 d=10121
@@63: line 9.2 t=963262 -> @51
and 
@ via @51 b=71 p=0 d=16561
@ via @52 b=0 p=0 d=100
@@64: line 9.2 t=853940 -> @52
out-
@\discretionary via @52 b=70 p=50 d=8900
@\discretionary via @53 b=611 p=50 d=398141
@@65: line 9.0- t=566929 -> @53
line 
@ via @53 b=1 p=0 d=121
@ via @54 b=135 p=0 d=21025
@@66: line 9.0 t=121662 -> @54
the 
@ via @53 b=2 p=0 d=144
@ via @54 b=0 p=0 d=100
@ via @55 b=362 p=0 d=138384
@@67: line 9.2 t=100737 -> @54
con-
@\discretionary via @55 b=0 p=50 d=12600
@@68: line 9.2- t=33743 -> @55
ven-
@\discretionary via @56 b=22 p=50 d=3524
@@69: line 9.1- t=8335 -> @56
tions 
@ via @56 b=5 p=0 d=225
@ via @57 b=12 p=0 d=484
@ via @58 b=122 p=0 d=27424
@@70: line 9.2 t=5036 -> @56
used 
@ via @57 b=60 p=0 d=4900
@ via @58 b=0 p=0 d=100
@ via @59 b=7 p=0 d=289
@ via @60 b=628 p=0 d=417044
@@71: line 9.2 t=12815 -> @58
@@72: line 9.3 t=17615 -> @57
in 
@ via @59 b=0 p=0 d=100
@ via @60 b=19 p=0 d=841
@@73: line 9.1 t=11550 -> @60
@@74: line 9.2 t=14450 -> @59
the 
@ via @60 b=0 p=0 d=100
@@75: line 9.2 t=10809 -> @60
crit-i-cal edi-tion[]. 
@\par via @61 b=0 p=-10000 d=15100
@\par via @62 b=0 p=-10000 d=15100
@\par via @63 b=0 p=-10000 d=100
@\par via @64 b=0 p=-10000 d=100
@\par via @65 b=0 p=-10000 d=15100
@\par via @66 b=0 p=-10000 d=10100
@\par via @67 b=0 p=-10000 d=100
@\par via @68 b=0 p=-10000 d=5100
@\par via @69 b=0 p=-10000 d=5100
@\par via @70 b=0 p=-10000 d=100
@\par via @71 b=0 p=-10000 d=100
@\par via @72 b=0 p=-10000 d=100
@\par via @73 b=0 p=-10000 d=100
@\par via @74 b=0 p=-10000 d=100
@\par via @75 b=0 p=-10000 d=100
@@76: line 10.2- t=5136 -> @70

@firstpass
[]|| 
@\par via @0 b=0 p=-10000 d=100
@@1: line 1.2- t=100 -> @0

@firstpass
[]||
@\par via @0 b=0 p=-10000 d=100
@@1: line 1.2- t=100 -> @0

@firstpass
[]|\TU/Vollkorn(0)/m/n/10.95 3|
@\par via @0 b=0 p=-10000 d=100
@@1: line 1.2- t=100 -> @0

@firstpass
[]|| 
@\par via @0 b=0 p=-10000 d=100
@@1: line 1.2- t=100 -> @0

@firstpass
[]||
@\par via @0 b=0 p=-10000 d=100
@@1: line 1.2- t=100 -> @0

@firstpass
[]||
@\par via @0 b=0 p=-10000 d=100
@@1: line 1.2- t=100 -> @0

 [3] [4

]
@firstpass
[]\TU/Vollkorn(0)/b/n/20.74 Chap-ter 
@ via @0 b=0 p=0 d=100
@@1: line 1.2 t=100 -> @0
2 
@\par via @0 b=0 p=-10000 d=100
@\par via @1 b=0 p=-10000 d=100
@@2: line 1.2- t=100 -> @0

LaTeX Font Info:    Font shape `TU/Vollkorn(0)/bx/it' in size <24.88> not avail
able
(Font)              Font shape `TU/Vollkorn(0)/b/it' tried instead on input lin
e 163.
@firstpass
[]\TU/Vollkorn(0)/b/n/24.88 The 
@ via @0 b=0 p=0 d=100
@@1: line 1.2 t=100 -> @0
\TU/Vollkorn(0)/b/it/24.88 Tattvayo-gabindu
@\kern via @0 b=0 p=0 d=100
@\kern via @1 b=0 p=0 d=100
@@2: line 1.2 t=100 -> @0
 \TU/Vollkorn(0)/b/n/24.88 of 
@ via @0 b=0 p=0 d=100
@ via @1 b=0 p=0 d=100
@ via @2 b=0 p=0 d=100
@@3: line 1.2 t=100 -> @0
Rā-macan-dra 
@\par via @1 b=0 p=-10000 d=100
@\par via @2 b=0 p=-10000 d=100
@\par via @3 b=0 p=-10000 d=100
@@4: line 2.2- t=200 -> @3

@firstpass
[]\TU/Vollkorn(0)/b/n/20.74 Crit-i-cal 
@ via @0 b=0 p=0 d=100
@@1: line 1.2 t=100 -> @0
Edi-tion 
@ via @0 b=0 p=0 d=100
@ via @1 b=0 p=0 d=100
@@2: line 1.2 t=100 -> @0
& 
@ via @0 b=0 p=0 d=100
@ via @1 b=0 p=0 d=100
@ via @2 b=0 p=0 d=100
@@3: line 1.2 t=100 -> @0
An-no-tated 
@ via @0 b=0 p=0 d=100
@ via @1 b=0 p=0 d=100
@ via @2 b=0 p=0 d=100
@ via @3 b=0 p=0 d=100
@@4: line 1.2 t=100 -> @0
Trans-la-tion 
@\par via @1 b=0 p=-10000 d=100
@\par via @2 b=0 p=-10000 d=100
@\par via @3 b=0 p=-10000 d=100
@\par via @4 b=0 p=-10000 d=100
@@5: line 2.2- t=200 -> @4

 [5] [6

]
@firstpass
[]\TU/Vollkorn(0)/b/n/20.74 Chap-ter 
@ via @0 b=0 p=0 d=100
@@1: line 1.2 t=100 -> @0
3 
@\par via @0 b=0 p=-10000 d=100
@\par via @1 b=0 p=-10000 d=100
@@2: line 1.2- t=100 -> @0

@firstpass
[]\TU/Vollkorn(0)/b/n/24.88 Ap-pendix 
@\par via @0 b=0 p=-10000 d=100
@@1: line 1.2- t=100 -> @0

LaTeX Font Info:    Font shape `TU/Vollkorn(0)/bx/n' in size <14.4> not availab
le
(Font)              Font shape `TU/Vollkorn(0)/b/n' tried instead on input line
 173.
@firstpass
[]\TU/Vollkorn(0)/b/n/14.4 Fig-ures 
@\par via @0 b=0 p=-10000 d=100
@@1: line 1.2- t=100 -> @0

 [7]
<pics/Wolpertinger.png, id=150, 754.82pt x 452.69125pt>
File: pics/Wolpertinger.png Graphic file (type png)
<use pics/Wolpertinger.png>
Package luatex.def Info: pics/Wolpertinger.png  used on input line 180.
(luatex.def)             Requested size: 355.0pt x 212.90306pt.
@firstpass
[][]
@\par via @0 b=0 p=-10000 d=100
@@1: line 1.2- t=100 -> @0

@firstpass
@secondpass
[]\TU/Vollkorn(0)/m/n/10.95 Fig-ure 2: |The \TU/Vollkorn(0)/m/it/10.95 de-has-va
rūpa \TU/Vollkorn(0)/m/n/10.95 of \TU/Vollkorn(0)/m/it/10.95 ajapāgāy-a-tr
ī\TU/Vollkorn(0)/m/n/10.95 . The im-age, rem-i-nis-cent 
@ via @0 b=4859 p=0 d=23717161
@@1: line 1.0 t=23717161 -> @0
of 
@ via @0 b=1490 p=0 d=2260000
@@2: line 1.0 t=2260000 -> @0
a 
@ via @0 b=463 p=0 d=233729
@@3: line 1.0 t=233729 -> @0
hip-
@\discretionary via @0 b=1 p=50 d=2621
@@4: line 1.2- t=2621 -> @0
pogriff, is part of an il-lus-trated San-skrit manuscript writ-
@\discretionary via @1 b=4981 p=50 d=24912581
@@5: line 2.0- t=48629742 -> @1
ten 
@ via @1 b=1521 p=0 d=2343961
@ via @2 b=6559 p=0 d=43151761
@@6: line 2.0 t=26061122 -> @1
in 
@ via @1 b=203 p=0 d=45369
@ via @2 b=1661 p=0 d=2792241
@ via @3 b=4634 p=0 d=21566736
@@7: line 2.0 t=5052241 -> @2
the 
@ via @1 b=0 p=0 d=10100
@ via @2 b=63 p=0 d=5329
@ via @3 b=435 p=0 d=198025
@ via @4 b=2961 p=0 d=8836841
@@8: line 2.0 t=431754 -> @3
Śāradā 
@ via @3 b=13 p=0 d=10529
@ via @4 b=0 p=0 d=100
@@9: line 2.2 t=2721 -> @4
script. Pre-served as a sin-gle large scroll un-der 
@ via @5 b=4242 p=0 d=18079504
@@10: line 3.0 t=66709246 -> @5
Acc. 
@ via @5 b=663 p=0 d=452929
@ via @6 b=3547 p=0 d=12652249
@@11: line 3.0 t=38713371 -> @6
No. 
@ via @5 b=12 p=0 d=10484
@ via @6 b=369 p=0 d=143641
@ via @7 b=1371 p=0 d=1907161
@ via @8 b=5231 p=0 d=27468081
@@12: line 3.0 t=6959402 -> @7
1334 
@ via @5 b=12 p=0 d=10484
@ via @6 b=0 p=0 d=10100
@ via @7 b=26 p=0 d=1296
@ via @8 b=443 p=0 d=205209
@ via @9 b=5490 p=0 d=30260000
@@13: line 3.0 t=636963 -> @8
at 
@ via @6 b=0 p=0 d=10100
@ via @7 b=0 p=0 d=10100
@ via @8 b=86 p=0 d=9216
@ via @9 b=2547 p=0 d=6548249
@@14: line 3.1 t=440970 -> @8
the 
@ via @7 b=10 p=0 d=10400
@ via @8 b=0 p=0 d=10100
@ via @9 b=645 p=0 d=439025
@@15: line 3.0 t=441746 -> @9
@@16: line 3.2 t=441854 -> @8
Ori-
@\discretionary via @8 b=42 p=50 d=15204
@\discretionary via @9 b=45 p=50 d=5525
@@17: line 3.1- t=8246 -> @9
en-
@\discretionary via @9 b=1 p=50 d=2621
@@18: line 3.2- t=5342 -> @9
tal 
@ via @9 b=0 p=0 d=100
@@19: line 3.2 t=2821 -> @9
In-
@\discretionary via @9 b=78 p=50 d=10244
@@20: line 3.3- t=12965 -> @9
sti-tute in Sri-na-gar (Kash-mir), it 
@ via @10 b=3884 p=0 d=15163236
@@21: line 4.0 t=81872482 -> @10
is 
@ via @10 b=1648 p=0 d=2748964
@@22: line 4.0 t=69458210 -> @10
en-
@\discretionary via @10 b=310 p=50 d=104900
@\discretionary via @11 b=3792 p=50 d=14457704
@@23: line 4.0- t=53171075 -> @11
ti-
@\discretionary via @10 b=116 p=50 d=18376
@\discretionary via @11 b=2334 p=50 d=5496836
@@24: line 4.0- t=44210207 -> @11
tled 
@ via @10 b=0 p=0 d=10100
@ via @11 b=512 p=0 d=272484
@ via @12 b=6396 p=0 d=41036836
@@25: line 4.0 t=38985855 -> @11
\TU/Vollkorn(0)/m/it/10.95 Nāḍī-
@\discretionary via @11 b=0 p=50 d=12600
@\discretionary via @12 b=417 p=50 d=184829
@\discretionary via @13 b=6110 p=50 d=37456900
@@26: line 4.0- t=7144231 -> @12
cakra\TU/Vollkorn(0)/m/n/10.95 . 
@ via @12 b=0 p=0 d=10100
@ via @13 b=737 p=0 d=558009
@ via @14 b=3568 p=0 d=12802084
@@27: line 4.0 t=1194972 -> @13
The 
@ via @13 b=0 p=0 d=10100
@ via @14 b=51 p=0 d=3721
@ via @15 b=1270 p=0 d=1638400
@ via @16 b=1270 p=0 d=1648400
@ via @17 b=4859 p=0 d=23707161
@@28: line 4.1 t=444691 -> @14
manuscript 
@ via @17 b=0 p=0 d=100
@ via @18 b=0 p=0 d=100
@ via @19 b=123 p=0 d=27689
@ via @20 b=721 p=0 d=544361
@@29: line 4.2 t=5442 -> @18
con-
@\discretionary via @19 b=0 p=50 d=2600
@\discretionary via @20 b=0 p=50 d=12600
@@30: line 4.2- t=5421 -> @19
tains 
@ via @20 b=88 p=0 d=9604
@@31: line 4.3 t=22569 -> @20
a de-pic-tion of the 
@ via @21 b=5696 p=0 d=32558436
@@32: line 5.0 t=114430918 -> @21
yo-
@\discretionary via @21 b=1215 p=50 d=1503125
@\discretionary via @22 b=3815 p=50 d=14633125
@@33: line 5.0- t=83375607 -> @21
gic 
@ via @21 b=283 p=0 d=85849
@ via @22 b=1383 p=0 d=1940449
@ via @23 b=3895 p=0 d=15249025
@ via @24 b=6380 p=0 d=40832100
@@34: line 5.0 t=68420100 -> @23
body’s 
@ via @21 b=2 p=0 d=10144
@ via @22 b=0 p=0 d=10100
@ via @23 b=14 p=0 d=576
@ via @24 b=123 p=0 d=17689
@ via @25 b=2478 p=0 d=6190144
@@35: line 5.0 t=44227896 -> @24
\TU/Vollkorn(0)/m/it/10.95 cakra\TU/Vollkorn(0)/m/n/10.95 s 
@ via @24 b=6 p=0 d=10256
@ via @25 b=4 p=0 d=10196
@ via @26 b=706 p=0 d=512656
@@36: line 5.0 t=7656887 -> @26
and 
@ via @25 b=4 p=0 d=10196
@ via @26 b=3 p=0 d=10169
@ via @27 b=2922 p=0 d=8596624
@@37: line 5.2 t=7154400 -> @26
\TU/Vollkorn(0)/m/it/10.95 nāḍī\TU/Vollkorn(0)/m/n/10.95 s. 
@ via @27 b=11 p=0 d=10441
@ via @28 b=1325 p=0 d=1782225
@@38: line 5.2 t=1205413 -> @27
The 
@ via @27 b=7 p=0 d=10289
@ via @28 b=1 p=0 d=121
@@39: line 5.2 t=444812 -> @28
text 
@ via @28 b=13 p=0 d=10529
@ via @29 b=2384 p=0 d=5741236
@ via @30 b=6961 p=0 d=48604841
@@40: line 5.3 t=455220 -> @28
sur-
@\discretionary via @29 b=244 p=50 d=77016
@\discretionary via @30 b=1552 p=50 d=2462344
@@41: line 5.0- t=82458 -> @29
round-
@\discretionary via @29 b=0 p=50 d=2600
@\discretionary via @30 b=16 p=50 d=13176
@\discretionary via @31 b=1466 p=50 d=2191076
@@42: line 5.2- t=8042 -> @29
ing 
@ via @30 b=0 p=0 d=100
@ via @31 b=343 p=0 d=134609
@@43: line 5.2 t=5521 -> @30
the 
@ via @31 b=1 p=0 d=121
@@44: line 5.2 t=22690 -> @31
fig-
@\discretionary via @31 b=0 p=50 d=2600
@@45: line 5.2- t=25169 -> @31
ure closely 
@ via @32 b=597 p=0 d=368449
@ via @33 b=2012 p=0 d=4088484
@ via @34 b=8038 p=0 d=64770304
@@46: line 6.0 t=87464091 -> @33
cor-
@\discretionary via @32 b=2 p=50 d=12644
@\discretionary via @33 b=131 p=50 d=32381
@\discretionary via @34 b=1418 p=50 d=2041684
@@47: line 6.0- t=70461784 -> @34
re-
@\discretionary via @32 b=0 p=50 d=12600
@\discretionary via @33 b=6 p=50 d=22756
@\discretionary via @34 b=460 p=50 d=223400
@@48: line 6.0- t=68643500 -> @34
sponds 
@ via @34 b=0 p=0 d=10100
@ via @35 b=737 p=0 d=558009
@@49: line 6.0 t=44785905 -> @35
to 
@ via @35 b=67 p=0 d=5929
@ via @36 b=4279 p=0 d=18395521
@@50: line 6.0 t=26052408 -> @36
the 
@ via @35 b=0 p=0 d=10100
@ via @36 b=614 p=0 d=389376
@ via @37 b=5133 p=0 d=26460449
@@51: line 6.0 t=8046263 -> @36
ad-
@\discretionary via @36 b=15 p=50 d=3125
@\discretionary via @37 b=1005 p=50 d=1042725
@@52: line 6.1- t=7660012 -> @36
di-
@\discretionary via @36 b=0 p=50 d=12600
@\discretionary via @37 b=287 p=50 d=100709
@@53: line 6.0- t=7255109 -> @37
tional 
@ via @37 b=0 p=0 d=100
@ via @38 b=1226 p=0 d=1537696
@@54: line 6.0 t=2743109 -> @38
ma-
@\discretionary via @38 b=1 p=50 d=2621
@\discretionary via @39 b=1242 p=50 d=1580004
@@55: line 6.2- t=1208034 -> @38
te-
@\discretionary via @38 b=0 p=50 d=2600
@\discretionary via @39 b=281 p=50 d=97181
@\discretionary via @40 b=6332 p=50 d=40233464
@@56: line 6.0- t=541993 -> @39
rial 
@ via @38 b=83 p=0 d=8649
@ via @39 b=0 p=0 d=100
@ via @40 b=1259 p=0 d=1620361
@ via @41 b=7012 p=0 d=49308484
@@57: line 6.2 t=444912 -> @39
found 
@ via @40 b=0 p=0 d=100
@ via @41 b=12 p=0 d=10484
@ via @42 b=4403 p=0 d=19484569
@@58: line 6.2 t=92942 -> @41
in 
@ via @41 b=0 p=0 d=10100
@ via @42 b=879 p=0 d=800321
@ via @43 b=6944 p=0 d=48368116
@@59: line 6.2 t=92558 -> @41
manuscript 
@ via @43 b=22 p=0 d=1024
@ via @44 b=0 p=0 d=100
@ via @45 b=206 p=0 d=56656
@@60: line 6.3 t=6545 -> @43
[]U$[][]$
@\math via @44 b=0 p=0 d=100
@\math via @45 b=0 p=0 d=100
@@61: line 6.2 t=22790 -> @44
 of 
@ via @45 b=0 p=0 d=100
@ via @46 b=6608 p=0 d=43797924
@@62: line 6.2 t=25269 -> @45
the 
@ via @46 b=674 p=0 d=467856
@ via @47 b=3646 p=0 d=13366336
@ via @48 b=7540 p=0 d=57002500
@@63: line 7.0 t=83828120 -> @47
\TU/Vollkorn(0)/m/it/10.95 Tattvayo-
@\discretionary via @47 b=0 p=50 d=22600
@\discretionary via @48 b=3 p=50 d=22669
@\discretionary via @49 b=5105 p=50 d=26165725
@@64: line 7.2- t=68666169 -> @48
gabindu\TU/Vollkorn(0)/m/n/10.95 . 
@ via @49 b=27 p=0 d=1369
@ via @50 b=725 p=0 d=540225
@ via @51 b=7613 p=0 d=58110129
@@65: line 7.0 t=26592633 -> @50
The 
@ via @49 b=2 p=0 d=10144
@ via @50 b=0 p=0 d=10100
@ via @51 b=174 p=0 d=33856
@ via @52 b=1043 p=0 d=1108809
@ via @53 b=2662 p=0 d=7139584
@@66: line 7.0 t=8080119 -> @51
manuscript 
@ via @54 b=32 p=0 d=1764
@ via @55 b=744 p=0 d=578516
@ via @56 b=1983 p=0 d=3972049
@@67: line 7.0 t=1786550 -> @55
reads 
@ via @55 b=0 p=0 d=100
@ via @56 b=2 p=0 d=10144
@ via @57 b=692 p=0 d=502804
@@68: line 7.2 t=552137 -> @56
(diplo-
@\discretionary via @57 b=0 p=50 d=2600
@\discretionary via @58 b=536 p=50 d=310616
@\discretionary via @59 b=2818 p=50 d=8010084
@@69: line 7.0- t=403558 -> @58
matic 
@ via @58 b=0 p=0 d=100
@ via @59 b=41 p=0 d=2601
@@70: line 7.1 t=95159 -> @59
@@71: line 7.2 t=93042 -> @58
tran-
@\discretionary via @59 b=20 p=50 d=3400
@\discretionary via @60 b=5431 p=50 d=29616981
@@72: line 7.3- t=95958 -> @59
scrip-
@\discretionary via @60 b=394 p=50 d=175716
@\discretionary via @61 b=3354 p=50 d=11328996
@@73: line 7.0- t=182261 -> @60
tion): 
@ via @60 b=0 p=0 d=100
@ via @61 b=96 p=0 d=11236
@ via @62 b=1748 p=0 d=3100564
@@74: line 7.2 t=6645 -> @60
\TU/Vollkorn(0)/m/it/10.95 oṃ 
@ via @61 b=0 p=0 d=100
@ via @62 b=9 p=0 d=361
@ via @63 b=1308 p=0 d=1737124
@@75: line 7.2 t=22890 -> @61
daśame 
@ via @63 b=0 p=0 d=10100
@ via @64 b=1496 p=0 d=2278036
@@76: line 8.0 t=70944205 -> @64
pūrṇa-
@\discretionary via @64 b=0 p=50 d=12600
@\discretionary via @65 b=8019 p=50 d=64467341
@@77: line 8.2- t=68678769 -> @64
giripīṭhe 
@ via @65 b=5 p=0 d=10225
@ via @66 b=3029 p=0 d=9235521
@@78: line 8.0 t=17315640 -> @66
lalāṭa-
@\discretionary via @66 b=0 p=50 d=12600
@@79: line 8.2- t=8092719 -> @66
maṇḍale 
@ via @67 b=1418 p=0 d=2039184
@@80: line 8.0 t=3825734 -> @67
can-
@\discretionary via @67 b=0 p=50 d=12600
@\discretionary via @68 b=5592 p=50 d=31394904
@@81: line 8.2- t=1799150 -> @67
dro 
@ via @67 b=0 p=0 d=10100
@ via @68 b=977 p=0 d=984169
@@82: line 8.0 t=1536306 -> @68
de-
@\discretionary via @68 b=1 p=50 d=2621
@\discretionary via @69 b=4899 p=50 d=24110781
@@83: line 8.2- t=554758 -> @68
vatā 
@ via @68 b=2 p=0 d=144
@ via @69 b=389 p=0 d=159201
@@84: line 8.2 t=552281 -> @68
amṛtāśak-
@\discretionary via @70 b=0 p=50 d=2600
@\discretionary via @71 b=0 p=50 d=2600
@\discretionary via @72 b=1097 p=50 d=1247949
@@85: line 8.2- t=95642 -> @71
tiḥ 
@ via @70 b=0 p=0 d=100
@ via @71 b=0 p=0 d=100
@ via @72 b=88 p=0 d=19604
@ via @73 b=6141 p=0 d=37834801
@@86: line 8.2 t=93142 -> @71
paramātmā 
@ via @74 b=140 p=0 d=32500
@ via @75 b=6173 p=0 d=38239489
@@87: line 8.0 t=39145 -> @74
ṛṣiḥ 
@ via @74 b=0 p=0 d=100
@ via @75 b=33 p=0 d=1849
@@88: line 8.2 t=6745 -> @74
dvāviṃśad-
@\discretionary via @76 b=0 p=50 d=12600
@\discretionary via @77 b=918 p=50 d=883684
@@89: line 9.0- t=69562453 -> @77
dalāni 
@ via @77 b=0 p=0 d=100
@@90: line 9.2 t=68678869 -> @77
amṛ-
@\discretionary via @78 b=37 p=50 d=4709
@@91: line 9.1- t=17320349 -> @78
tavāsinikalā 
@ via @80 b=2753 p=0 d=7634169
@@92: line 9.0 t=11459903 -> @80
4: 
@ via @80 b=225 p=0 d=55225
@ via @81 b=4291 p=0 d=18508601
@@93: line 9.0 t=3880959 -> @80
am-
@\discretionary via @80 b=0 p=50 d=12600
@\discretionary via @81 b=14 p=50 d=13076
@\discretionary via @82 b=1859 p=50 d=3495661
@\discretionary via @83 b=5711 p=50 d=32752341
@@94: line 9.1- t=1812226 -> @81
bikā 
@ via @81 b=0 p=0 d=100
@ via @82 b=18 p=0 d=784
@ via @83 b=546 p=0 d=319136
@@95: line 9.0 t=873894 -> @83
1 
@ via @81 b=34 p=0 d=1936
@ via @82 b=0 p=0 d=10100
@ via @83 b=71 p=0 d=6561
@ via @84 b=5050 p=0 d=25613600
@@96: line 9.1 t=561319 -> @83
lam-
@\discretionary via @83 b=0 p=50 d=12600
@\discretionary via @84 b=78 p=50 d=10244
@@97: line 9.1- t=562525 -> @84
@@98: line 9.2- t=567358 -> @83
bikā 
@ via @84 b=0 p=0 d=100
@ via @85 b=5189 p=0 d=27039601
@@99: line 9.2 t=552381 -> @84
2 
@ via @84 b=4 p=0 d=196
@ via @85 b=1769 p=0 d=3174841
@@100: line 9.2 t=552477 -> @84
gha(ṃ)ṭkā 
@ via @86 b=0 p=0 d=100
@@101: line 9.2 t=93242 -> @86
3 
@ via @86 b=0 p=0 d=100
@ via @87 b=6001 p=0 d=36132121
@@102: line 9.2 t=93242 -> @86
tā-
@\discretionary via @87 b=1320 p=50 d=1771400
@@103: line 9.0- t=1810545 -> @87
likā 
@ via @87 b=113 p=0 d=15129
@ via @88 b=2781 p=0 d=7799681
@@104: line 9.0 t=54274 -> @87
4 
@ via @87 b=3 p=0 d=10169
@ via @88 b=866 p=0 d=777376
@@105: line 9.2 t=49314 -> @87
de-
@\discretionary via @87 b=0 p=50 d=12600
@\discretionary via @88 b=36 p=50 d=4616
@@106: line 9.1- t=11361 -> @88
has-
@\discretionary via @88 b=0 p=50 d=2600
@\discretionary via @89 b=4013 p=50 d=16197029
@@107: line 9.2- t=9345 -> @88
varū-
@\discretionary via @89 b=503 p=50 d=275669
@@108: line 10.0- t=69838122 -> @89
paṃ 
@ via @89 b=2 p=0 d=10144
@ via @90 b=2698 p=0 d=7343264
@@109: line 10.2 t=69572597 -> @89
kāka-
@\discretionary via @90 b=26 p=50 d=3796
@\discretionary via @91 b=1014 p=50 d=1061076
@@110: line 10.0- t=18381425 -> @91
mukhaṃ 
@ via @91 b=0 p=0 d=100
@ via @92 b=6927 p=0 d=48121969
@@111: line 10.2 t=17320449 -> @91
1 
@ via @91 b=10 p=0 d=400
@ via @92 b=3460 p=0 d=12040900
@@112: line 10.2 t=17320749 -> @91
narane-
@\discretionary via @92 b=3 p=50 d=12669
@\discretionary via @93 b=230 p=50 d=60100
@\discretionary via @94 b=1755 p=50 d=3127725
@@113: line 10.0- t=3941059 -> @93
traṃ 
@ via @92 b=1 p=0 d=10121
@ via @93 b=0 p=0 d=10100
@ via @94 b=57 p=0 d=4489
@ via @95 b=2753 p=0 d=7634169
@ via @96 b=6526 p=0 d=42719296
@@114: line 10.1 t=1816715 -> @94
2 
@ via @93 b=0 p=0 d=10100
@ via @94 b=0 p=0 d=100
@ via @95 b=879 p=0 d=790321
@ via @96 b=2376 p=0 d=5692996
@@115: line 10.0 t=1664215 -> @95
gośṛṅ-
@\discretionary via @95 b=0 p=50 d=12600
@\discretionary via @96 b=0 p=50 d=2600
@\discretionary via @97 b=371 p=50 d=157661
@\discretionary via @98 b=371 p=50 d=167661
@\discretionary via @99 b=5446 p=50 d=29780436
@@116: line 10.2- t=563919 -> @96
gaṃ 
@ via @96 b=6 p=0 d=256
@ via @97 b=0 p=0 d=100
@ via @98 b=0 p=0 d=100
@ via @99 b=918 p=0 d=871184
@ via @100 b=3158 p=0 d=10046224
@@117: line 10.2 t=561575 -> @96
3 
@ via @97 b=0 p=0 d=100
@ via @98 b=0 p=0 d=100
@ via @99 b=184 p=0 d=47636
@ via @100 b=922 p=0 d=878624
@@118: line 10.2 t=562625 -> @97
lalāṭabrahma-
@\discretionary via @101 b=14 p=50 d=3076
@\discretionary via @102 b=277 p=50 d=94869
@\discretionary via @103 b=1389 p=50 d=1969701
@@119: line 10.1- t=96318 -> @101
para 
@ via @101 b=0 p=0 d=100
@ via @102 b=0 p=0 d=100
@ via @103 b=8 p=0 d=10324
@ via @104 b=2326 p=0 d=5456896
@@120: line 10.2 t=93342 -> @102
4 
@ via @101 b=61 p=0 d=5041
@ via @102 b=0 p=0 d=100
@ via @103 b=0 p=0 d=10100
@ via @104 b=477 p=0 d=237169
@ via @105 b=2326 p=0 d=5466896
@ via @106 b=6675 p=0 d=44689225
@@121: line 10.2 t=93342 -> @102
@@122: line 10.3 t=98283 -> @101
haya-
@\discretionary via @104 b=0 p=50 d=12600
@\discretionary via @105 b=0 p=50 d=2600
@\discretionary via @106 b=40 p=50 d=15000
@\discretionary via @107 b=1418 p=50 d=2061684
@@123: line 10.1- t=26361 -> @106
grīvā 
@ via @106 b=0 p=0 d=100
@ via @107 b=0 p=0 d=100
@ via @108 b=1436 p=0 d=2090916
@@124: line 10.2 t=9445 -> @107
5 
@ via @107 b=0 p=0 d=100
@ via @108 b=312 p=0 d=103684
@ via @109 b=6396 p=0 d=41046836
@@125: line 10.2 t=9445 -> @107
mayūra-
@\discretionary via @109 b=0 p=50 d=2600
@\discretionary via @110 b=666 p=50 d=469476
@@126: line 11.0- t=18850901 -> @110
muśchaṃ 
@ via @111 b=1158 p=0 d=1374224
@ via @112 b=3601 p=0 d=13049321
@@127: line 11.0 t=18694673 -> @111
6 
@ via @111 b=184 p=0 d=47636
@ via @112 b=845 p=0 d=741025
@@128: line 11.0 t=17368085 -> @111
haṃsacārī-
@\discretionary via @113 b=0 p=50 d=22600
@\discretionary via @114 b=1596 p=50 d=2581736
@\discretionary via @115 b=5359 p=50 d=28828661
@@129: line 11.2- t=3963659 -> @113
tani 
@ via @113 b=5 p=0 d=10225
@ via @114 b=50 p=0 d=3600
@ via @115 b=611 p=0 d=385641
@@130: line 11.1 t=1820315 -> @114
7 
@ via @114 b=0 p=0 d=100
@ via @115 b=60 p=0 d=4900
@ via @116 b=4531 p=0 d=20630681
@@131: line 11.1 t=1669115 -> @115
sthāna.| 
@\par via @116 b=0 p=-10000 d=100
@\par via @117 b=0 p=-10000 d=100
@\par via @118 b=0 p=-10000 d=100
@\par via @119 b=0 p=-10000 d=100
@\par via @120 b=0 p=-10000 d=100
@\par via @121 b=0 p=-10000 d=100
@\par via @122 b=0 p=-10000 d=100
@\par via @123 b=0 p=-10000 d=100
@\par via @124 b=0 p=-10000 d=100
@\par via @125 b=0 p=-10000 d=100
@\par via @126 b=0 p=-10000 d=10100
@\par via @127 b=0 p=-10000 d=10100
@\par via @128 b=0 p=-10000 d=10100
@\par via @129 b=0 p=-10000 d=100
@\par via @130 b=0 p=-10000 d=100
@\par via @131 b=0 p=-10000 d=100
@@132: line 11.2- t=9545 -> @125

@firstpass
[][] 
@\par via @0 b=0 p=-10000 d=100
@@1: line 1.2- t=100 -> @0

@firstpass
[]|\TU/Vollkorn(0)/m/n/10.95 8| 
@\par via @0 b=0 p=-10000 d=100
@@1: line 1.2- t=100 -> @0

@firstpass
[]||
@\par via @0 b=0 p=-10000 d=100
@@1: line 1.2- t=100 -> @0

@firstpass
[]|\TU/Vollkorn(0)/m/n/10.95 Chap-ter 
@ via @0 b=0 p=0 d=100
@@1: line 1.2 t=100 -> @0
3. 
@ via @0 b=0 p=0 d=100
@ via @1 b=0 p=0 d=100
@@2: line 1.2 t=100 -> @0
The 
@ via @0 b=0 p=0 d=100
@ via @1 b=0 p=0 d=100
@ via @2 b=0 p=0 d=100
@@3: line 1.2 t=100 -> @0
\TU/Vollkorn(0)/m/it/10.95 Tattvayo-gabindu
@\kern via @0 b=0 p=0 d=100
@\kern via @1 b=0 p=0 d=100
@\kern via @2 b=0 p=0 d=100
@\kern via @3 b=0 p=0 d=100
@@4: line 1.2 t=100 -> @0
 \TU/Vollkorn(0)/m/n/10.95 of 
@ via @0 b=0 p=0 d=100
@ via @1 b=0 p=0 d=100
@ via @2 b=0 p=0 d=100
@ via @3 b=0 p=0 d=100
@ via @4 b=0 p=0 d=100
@@5: line 1.2 t=100 -> @0
Rā-macan-dra|
@\par via @0 b=0 p=-10000 d=100
@\par via @1 b=0 p=-10000 d=100
@\par via @2 b=0 p=-10000 d=100
@\par via @3 b=0 p=-10000 d=100
@\par via @4 b=0 p=-10000 d=100
@\par via @5 b=0 p=-10000 d=100
@@6: line 1.2- t=100 -> @0

@firstpass
[]|| 
@\par via @0 b=0 p=-10000 d=100
@@1: line 1.2- t=100 -> @0

@firstpass
[]||
@\par via @0 b=0 p=-10000 d=100
@@1: line 1.2- t=100 -> @0

@firstpass
[]||
@\par via @0 b=0 p=-10000 d=100
@@1: line 1.2- t=100 -> @0

 [8

<./pics/Wolpertinger.png>]
<pics/Vishnu_Vishvarupa_cropped.jpg, id=156, 738.1176pt x 1068.8733pt>
File: pics/Vishnu_Vishvarupa_cropped.jpg Graphic file (type jpg)
<use pics/Vishnu_Vishvarupa_cropped.jpg>
Package luatex.def Info: pics/Vishnu_Vishvarupa_cropped.jpg  used on input line
 189.
(luatex.def)             Requested size: 355.0pt x 514.08087pt.
@firstpass
[][]
@\par via @0 b=0 p=-10000 d=100
@@1: line 1.2- t=100 -> @0

@firstpass
[]\TU/Vollkorn(0)/m/n/10.95 Fig-ure 3: |Viṣṇu Viś-varūpa, In-dia, Ra-jasth
an, Jaipur, ca. 1800–1820, Opaque 
@ via @0 b=0 p=0 d=100
@@1: line 1.2 t=100 -> @0
wa-ter-color and gold on pa-per, 38.5 × 28 cm, Vic-to-ria and Al-bert Mu-seum, 
@ via @1 b=9 p=0 d=361
@@2: line 2.2 t=461 -> @1
Lon-don, Given by Mrs. Ger-ald Clark.| 
@\par via @2 b=0 p=-10000 d=100
@@3: line 3.2- t=561 -> @2

@firstpass
[][] 
@\par via @0 b=0 p=-10000 d=100
@@1: line 1.2- t=100 -> @0



LaTeX Warning: Float too large for page by 20.28064pt on input line 192.

@firstpass
[]|\TU/Vollkorn(0)/m/n/10.95 Crit-i-cal 
@ via @0 b=0 p=0 d=100
@@1: line 1.2 t=100 -> @0
Edi-tion 
@ via @0 b=0 p=0 d=100
@ via @1 b=0 p=0 d=100
@@2: line 1.2 t=100 -> @0
& 
@ via @0 b=0 p=0 d=100
@ via @1 b=0 p=0 d=100
@ via @2 b=0 p=0 d=100
@@3: line 1.2 t=100 -> @0
An-no-tated 
@ via @0 b=0 p=0 d=100
@ via @1 b=0 p=0 d=100
@ via @2 b=0 p=0 d=100
@ via @3 b=0 p=0 d=100
@@4: line 1.2 t=100 -> @0
trans-la-tion| 
@\par via @0 b=0 p=-10000 d=100
@\par via @1 b=0 p=-10000 d=100
@\par via @2 b=0 p=-10000 d=100
@\par via @3 b=0 p=-10000 d=100
@\par via @4 b=0 p=-10000 d=100
@@5: line 1.2- t=100 -> @0

@firstpass
[]||
@\par via @0 b=0 p=-10000 d=100
@@1: line 1.2- t=100 -> @0

@firstpass
[]|\TU/Vollkorn(0)/m/n/10.95 9|
@\par via @0 b=0 p=-10000 d=100
@@1: line 1.2- t=100 -> @0

@firstpass
[]|| 
@\par via @0 b=0 p=-10000 d=100
@@1: line 1.2- t=100 -> @0

@firstpass
[]||
@\par via @0 b=0 p=-10000 d=100
@@1: line 1.2- t=100 -> @0

@firstpass
[]||
@\par via @0 b=0 p=-10000 d=100
@@1: line 1.2- t=100 -> @0

[9<./pics/Vishnu_Vishvarupa_cropped.jpg>]
<pics/The_Equivalence_of_Self_and_Universe_(detail),_folio_6_from_the_Siddha_Si
ddhanta_Paddhati,_(Bulaki),_1824_(Samvat_1881);_122_x_46_cm._Mehrangarh_Museum_
Trust..jpg, id=161, 401.5pt x 1042.89626pt>
File: pics/The_Equivalence_of_Self_and_Universe_(detail),_folio_6_from_the_Sidd
ha_Siddhanta_Paddhati,_(Bulaki),_1824_(Samvat_1881);_122_x_46_cm._Mehrangarh_Mu
seum_Trust..jpg Graphic file (type jpg)
<use pics/The_Equivalence_of_Self_and_Universe_(detail),_folio_6_from_the_Siddh
a_Siddhanta_Paddhati,_(Bulaki),_1824_(Samvat_1881);_122_x_46_cm._Mehrangarh_Mus
eum_Trust..jpg>
Package luatex.def Info: pics/The_Equivalence_of_Self_and_Universe_(detail),_fo
lio_6_from_the_Siddha_Siddhanta_Paddhati,_(Bulaki),_1824_(Samvat_1881);_122_x_4
6_cm._Mehrangarh_Museum_Trust..jpg  used on input line 196.
(luatex.def)             Requested size: 177.5pt x 461.07181pt.
@firstpass
[][]
@\par via @0 b=0 p=-10000 d=100
@@1: line 1.2- t=100 -> @0

@firstpass
[]\TU/Vollkorn(0)/m/n/10.95 Fig-ure 4: |The Equiv-a-lence of Self and Uni-verse (de-tail), fo-lio 6 from the 
@ via @0 b=53 p=0 d=3969
@@1: line 1.1 t=3969 -> @0
\TU/Vollkorn(0)/m/it/10.95 Sid-dhasid-dhān-ta-pad-dhati \TU/Vollkorn(0)/m/n/10
.95 (Bu-laki), In-dia, Ra-jasthan, Jodh-pur, 1824 (Sam-vat 
@ via @1 b=16 p=0 d=676
@@2: line 2.1 t=4645 -> @1
1881), 122 x 46 cm, RJS 2378, Mehra-garh Mu-seum Trust.| 
@\par via @2 b=0 p=-10000 d=100
@@3: line 3.2- t=4745 -> @2

@firstpass
[][] 
@\par via @0 b=0 p=-10000 d=100
@@1: line 1.2- t=100 -> @0

@firstpass
[]|\TU/Vollkorn(0)/m/n/10.95 10| 
@\par via @0 b=0 p=-10000 d=100
@@1: line 1.2- t=100 -> @0

@firstpass
[]||
@\par via @0 b=0 p=-10000 d=100
@@1: line 1.2- t=100 -> @0

@firstpass
[]|\TU/Vollkorn(0)/m/n/10.95 Chap-ter 
@ via @0 b=0 p=0 d=100
@@1: line 1.2 t=100 -> @0
3. 
@ via @0 b=0 p=0 d=100
@ via @1 b=0 p=0 d=100
@@2: line 1.2 t=100 -> @0
The 
@ via @0 b=0 p=0 d=100
@ via @1 b=0 p=0 d=100
@ via @2 b=0 p=0 d=100
@@3: line 1.2 t=100 -> @0
\TU/Vollkorn(0)/m/it/10.95 Tattvayo-gabindu
@\kern via @0 b=0 p=0 d=100
@\kern via @1 b=0 p=0 d=100
@\kern via @2 b=0 p=0 d=100
@\kern via @3 b=0 p=0 d=100
@@4: line 1.2 t=100 -> @0
 \TU/Vollkorn(0)/m/n/10.95 of 
@ via @0 b=0 p=0 d=100
@ via @1 b=0 p=0 d=100
@ via @2 b=0 p=0 d=100
@ via @3 b=0 p=0 d=100
@ via @4 b=0 p=0 d=100
@@5: line 1.2 t=100 -> @0
Rā-macan-dra|
@\par via @0 b=0 p=-10000 d=100
@\par via @1 b=0 p=-10000 d=100
@\par via @2 b=0 p=-10000 d=100
@\par via @3 b=0 p=-10000 d=100
@\par via @4 b=0 p=-10000 d=100
@\par via @5 b=0 p=-10000 d=100
@@6: line 1.2- t=100 -> @0

@firstpass
[]|| 
@\par via @0 b=0 p=-10000 d=100
@@1: line 1.2- t=100 -> @0

@firstpass
[]||
@\par via @0 b=0 p=-10000 d=100
@@1: line 1.2- t=100 -> @0

@firstpass
[]||
@\par via @0 b=0 p=-10000 d=100
@@1: line 1.2- t=100 -> @0

 [10<./pics/The_Equivalence_of_Self_and_Universe_(detail),_folio_6_from_the_Sidd
ha_Siddhanta_Paddhati,_(Bulaki),_1824_(Samvat_1881);_122_x_46_cm._Mehrangarh_Mus
eum_Trust..jpg>]
@firstpass
[]\TU/Vollkorn(0)/b/n/20.74 Chap-ter 
@ via @0 b=0 p=0 d=100
@@1: line 1.2 t=100 -> @0
4 
@\par via @0 b=0 p=-10000 d=100
@\par via @1 b=0 p=-10000 d=100
@@2: line 1.2- t=100 -> @0

@firstpass
[]\TU/Vollkorn(0)/b/n/24.88 Bib-li-og-ra-phy 
@\par via @0 b=0 p=-10000 d=100
@@1: line 1.2- t=100 -> @0

 [11




] [12

]

Package biblatex Warning: Keyword 'primary' not found on input line 214.


LaTeX Warning: Empty bibliography on input line 214.

@firstpass
[][]\TU/Vollkorn(0)/b/n/14.4 Sec-ondary 
@ via @0 b=0 p=0 d=100
@@1: line 1.2 t=100 -> @0
Lit-er-a-ture 
@\par via @0 b=0 p=-10000 d=100
@\par via @1 b=0 p=-10000 d=100
@@2: line 1.2- t=100 -> @0

@firstpass
@secondpass
@emergencypass
[][]\TU/Vollkorn(0)/m/n/10.95 Formi-gatti, Camillo. “  Colophons in Fourteenth
-Century Nepalese 
@ via @0 b=95 p=0 d=11025
@@1: line 1.1 t=11025 -> @0
Manuscripts: Ma-te-ri-als for the Study of the Nepalese 
@ via @1 b=841 p=0 d=724201
@@2: line 2.0 t=735226 -> @1
Re-
@\discretionary via @1 b=384 p=50 d=157736
@@3: line 2.0- t=168761 -> @1
nais-
@\discretionary via @1 b=124 p=50 d=20456
@@4: line 2.0- t=31481 -> @1
sance 
@ via @1 b=11 p=0 d=441
@@5: line 2.2 t=11466 -> @1
(I)”. 
@ via @1 b=0 p=0 d=100
@@6: line 2.2 t=11125 -> @1
In: 
@ via @1 b=0 p=0 d=100
@@7: line 2.2 t=11125 -> @1
\TU/Vollkorn(0)/m/it/10.95 The Syn-tax of Colophons - A Com-par-
@\discretionary via @2 b=703 p=50 d=510869
@@8: line 3.0- t=1246095 -> @2
a-
@\discretionary via @2 b=581 p=50 d=351781
@\discretionary via @3 b=927 p=50 d=890469
@@9: line 3.0- t=1059230 -> @3
tive 
@ via @2 b=325 p=0 d=112225
@ via @3 b=568 p=0 d=334084
@@10: line 3.0 t=502845 -> @3
Study 
@ via @2 b=57 p=0 d=4489
@ via @3 b=142 p=0 d=23104
@ via @4 b=409 p=0 d=175561
@@11: line 3.0 t=191865 -> @3
Across 
@ via @2 b=0 p=0 d=10100
@ via @3 b=6 p=0 d=10256
@ via @4 b=63 p=0 d=5329
@ via @5 b=391 p=0 d=170801
@ via @6 b=862 p=0 d=770384
@@12: line 3.1 t=36810 -> @4
Pothi 
@ via @2 b=75 p=0 d=17225
@ via @3 b=0 p=0 d=10100
@ via @4 b=2 p=0 d=10144
@ via @5 b=89 p=0 d=9801
@ via @6 b=281 p=0 d=94681
@ via @7 b=611 p=0 d=395641
@@13: line 3.1 t=21267 -> @5
Manuscripts\TU/Vollkorn(0)/m/n/10.95 . 
@ via @5 b=1 p=0 d=121
@ via @6 b=0 p=0 d=100
@ via @7 b=9 p=0 d=361
@@14: line 3.2 t=11225 -> @6
Ed.
@\penalty via @6 b=1 p=50 d=2621
@\penalty via @7 b=0 p=50 d=2600
@@15: line 3.2 t=13725 -> @7
 by 
@ via @7 b=1 p=0 d=121
@@16: line 3.2 t=11246 -> @7
Nalini Bal-bir 
@ via @8 b=718 p=0 d=529984
@ via @9 b=870 p=0 d=774400
@@17: line 4.0 t=1776079 -> @8
and 
@ via @8 b=265 p=0 d=75625
@ via @9 b=343 p=0 d=124609
@ via @10 b=764 p=0 d=599076
@@18: line 4.0 t=1101921 -> @10
Gio-
@\discretionary via @8 b=60 p=50 d=17400
@\discretionary via @9 b=89 p=50 d=22301
@\discretionary via @10 b=273 p=50 d=82589
@\discretionary via @11 b=909 p=50 d=847061
@@19: line 4.0- t=585434 -> @10
vanni
@\penalty via @8 b=2 p=25 d=10769
@\penalty via @9 b=5 p=25 d=10850
@\penalty via @10 b=50 p=25 d=4225
@\penalty via @11 b=316 p=25 d=106901
@@20: line 4.0 t=298766 -> @11
 Ciotti. 
@ via @8 b=63 p=0 d=15329
@ via @9 b=1 p=0 d=10121
@ via @10 b=0 p=0 d=10100
@ via @11 b=35 p=0 d=2025
@ via @12 b=308 p=0 d=101124
@ via @13 b=945 p=0 d=912025
@@21: line 4.0 t=137934 -> @12
Vol. 27. 
@ via @11 b=0 p=0 d=10100
@ via @12 b=19 p=0 d=841
@ via @13 b=166 p=0 d=30976
@@22: line 4.1 t=37651 -> @12
Stud-
@\discretionary via @12 b=0 p=50 d=2600
@\discretionary via @13 b=12 p=50 d=2984
@\discretionary via @14 b=674 p=50 d=480356
@@23: line 4.2- t=24251 -> @13
ies 
@ via @12 b=1 p=0 d=121
@ via @13 b=1 p=0 d=121
@ via @14 b=433 p=0 d=206249
@ via @15 b=927 p=0 d=887969
@@24: line 4.2 t=21388 -> @13
in 
@ via @13 b=0 p=0 d=100
@ via @14 b=225 p=0 d=65225
@ via @15 b=546 p=0 d=319136
@ via @16 b=981 p=0 d=992081
@@25: line 4.2 t=21367 -> @13
Manuscript 
@ via @14 b=0 p=0 d=100
@ via @15 b=5 p=0 d=225
@ via @16 b=34 p=0 d=1936
@@26: line 4.1 t=13182 -> @16
@@27: line 4.2 t=11325 -> @14
Cul-
@\discretionary via @15 b=0 p=50 d=2600
@\discretionary via @16 b=1 p=50 d=2621
@\discretionary via @17 b=546 p=50 d=311636
@@28: line 4.2- t=13867 -> @16
tures. 
@ via @16 b=2 p=0 d=144
@ via @17 b=172 p=0 d=33124
@ via @18 b=530 p=0 d=291600
@@29: line 4.2 t=11390 -> @16
Berlin 
@ via @17 b=5 p=0 d=10225
@ via @18 b=66 p=0 d=5776
@ via @19 b=214 p=0 d=50176
@ via @20 b=892 p=0 d=813604
@@30: line 5.0 t=635610 -> @19
| 
@ via @17 b=2 p=0 d=10144
@ via @18 b=43 p=0 d=2809
@ via @19 b=157 p=0 d=27889
@ via @20 b=710 p=0 d=518400
@@31: line 5.0 t=613323 -> @19
Boston: 
@ via @18 b=0 p=0 d=10100
@ via @19 b=2 p=0 d=10144
@ via @20 b=97 p=0 d=11449
@ via @21 b=581 p=0 d=349281
@@32: line 5.1 t=310215 -> @20
De 
@ via @19 b=0 p=0 d=10100
@ via @20 b=19 p=0 d=841
@ via @21 b=250 p=0 d=67600
@@33: line 5.0 t=205534 -> @21
Gruyter, 
@ via @20 b=7 p=0 d=10289
@ via @21 b=5 p=0 d=10225
@ via @22 b=185 p=0 d=38025
@ via @23 b=558 p=0 d=332624
@@34: line 5.0 t=75676 -> @22
2022, 
@ via @21 b=0 p=0 d=10100
@ via @22 b=13 p=0 d=529
@ via @23 b=110 p=0 d=24400
@ via @24 b=297 p=0 d=104249
@ via @25 b=562 p=0 d=337184
@@35: line 5.1 t=38180 -> @22
pp. 43–
@\penalty via @22 b=9 p=50 d=2861
@\penalty via @23 b=0 p=50 d=2600
@\penalty via @24 b=12 p=50 d=2984
@\penalty via @25 b=50 p=50 d=6100
@@36: line 5.1 t=27467 -> @25
@@37: line 5.2 t=24372 -> @24
117. 
@\par via @23 b=0 p=-10000 d=5100
@\par via @24 b=0 p=-10000 d=100
@\par via @25 b=0 p=-10000 d=100
@\par via @26 b=0 p=-10000 d=100
@\par via @27 b=0 p=-10000 d=100
@\par via @28 b=0 p=-10000 d=5100
@\par via @29 b=0 p=-10000 d=100
@\par via @30 b=0 p=-10000 d=10100
@\par via @31 b=0 p=-10000 d=10100
@\par via @32 b=0 p=-10000 d=100
@\par via @33 b=0 p=-10000 d=10100
@\par via @34 b=0 p=-10000 d=10100
@\par via @35 b=0 p=-10000 d=100
@\par via @36 b=0 p=-10000 d=100
@\par via @37 b=0 p=-10000 d=100
@@38: line 5.2- t=11425 -> @27


Underfull \hbox (badness 10000) in paragraph at lines 221--221
[][]\TU/Vollkorn(0)/m/n/10.95 Formi-gatti, Camillo. “  Colophons in Fourteenth
-Century Nepalese
 []


Package biblatex Warning: Keyword 'catalogues' not found on input line 224.


LaTeX Warning: Empty bibliography on input line 224.


Package biblatex Warning: Keyword 'onlinesource' not found on input line 226.


LaTeX Warning: Empty bibliography on input line 226.

@firstpass
[]|\TU/Vollkorn(0)/m/n/10.95 Crit-i-cal 
@ via @0 b=0 p=0 d=100
@@1: line 1.2 t=100 -> @0
Edi-tion 
@ via @0 b=0 p=0 d=100
@ via @1 b=0 p=0 d=100
@@2: line 1.2 t=100 -> @0
& 
@ via @0 b=0 p=0 d=100
@ via @1 b=0 p=0 d=100
@ via @2 b=0 p=0 d=100
@@3: line 1.2 t=100 -> @0
An-no-tated 
@ via @0 b=0 p=0 d=100
@ via @1 b=0 p=0 d=100
@ via @2 b=0 p=0 d=100
@ via @3 b=0 p=0 d=100
@@4: line 1.2 t=100 -> @0
trans-la-tion| 
@\par via @0 b=0 p=-10000 d=100
@\par via @1 b=0 p=-10000 d=100
@\par via @2 b=0 p=-10000 d=100
@\par via @3 b=0 p=-10000 d=100
@\par via @4 b=0 p=-10000 d=100
@@5: line 1.2- t=100 -> @0

@firstpass
[]||
@\par via @0 b=0 p=-10000 d=100
@@1: line 1.2- t=100 -> @0

@firstpass
[]|\TU/Vollkorn(0)/m/n/10.95 13|
@\par via @0 b=0 p=-10000 d=100
@@1: line 1.2- t=100 -> @0

@firstpass
[]|| 
@\par via @0 b=0 p=-10000 d=100
@@1: line 1.2- t=100 -> @0

@firstpass
[]||
@\par via @0 b=0 p=-10000 d=100
@@1: line 1.2- t=100 -> @0

@firstpass
[]||
@\par via @0 b=0 p=-10000 d=100
@@1: line 1.2- t=100 -> @0

[13] [14

] (./bindu.ind
@firstpass
[]\TU/Vollkorn(0)/b/n/24.88 In-dex
@\par via @0 b=0 p=-10000 d=100
@@1: line 1.2- t=100 -> @0

@firstpass
[]\TU/Vollkorn(0)/m/n/10.95 colophons, []3[] 
@\par via @0 b=0 p=-10000 d=100
@@1: line 1.2- t=100 -> @0

@firstpass
[]\TU/Vollkorn(0)/m/n/10.95 crit-i-cal edi-tion 
@\par via @0 b=0 p=-10000 d=100
@@1: line 1.2- t=100 -> @0

@firstpass
[]| \TU/Vollkorn(0)/m/n/10.95 con-ven-tions, []3[] 
@\par via @0 b=0 p=-10000 d=100
@@1: line 1.2- t=100 -> @0

@firstpass
[]\TU/Vollkorn(0)/m/n/10.95 fi-nal rubrics, []3[] 
@\par via @0 b=0 p=-10000 d=100
@@1: line 1.2- t=100 -> @0

@firstpass
[]\TU/Vollkorn(0)/m/n/10.95 Formi-gatti, Camillo, []3[] 
@\par via @0 b=0 p=-10000 d=100
@@1: line 1.2- t=100 -> @0

@firstpass
[]\TU/Vollkorn(0)/m/n/10.95 manuscript wit-nesses, []3[] 
@\par via @0 b=0 p=-10000 d=100
@@1: line 1.2- t=100 -> @0

@firstpass
[]\TU/Vollkorn(0)/m/n/10.95 Rā-macan-dra, []3[] 
@\par via @0 b=0 p=-10000 d=100
@@1: line 1.2- t=100 -> @0

@firstpass
[]\TU/Vollkorn(0)/m/n/10.95 source texts, []3[] 
@\par via @0 b=0 p=-10000 d=100
@@1: line 1.2- t=100 -> @0

@firstpass
[]\TU/Vollkorn(0)/m/n/10.95 stem-matic anal-y-sis, []3[] 
@\par via @0 b=0 p=-10000 d=100
@@1: line 1.2- t=100 -> @0

@firstpass
[]\TU/Vollkorn(0)/m/n/10.95 tes-ti-mo-nia, []3[] 
@\par via @0 b=0 p=-10000 d=100
@@1: line 1.2- t=100 -> @0

@firstpass
[]\TU/Vollkorn(0)/m/n/10.95 tex-tual par-al-lels, []3[] 
@\par via @0 b=0 p=-10000 d=100
@@1: line 1.2- t=100 -> @0

 [15



])
\tf@toc=\write10

\openout10 = bindu.toc
\tf@lof=\write11

\openout11 = bindu.lof
\tf@lot=\write12

\openout12 = bindu.lot
 (./bindu.aux)
 ***********
LaTeX2e <2023-11-01> patch level 1
L3 programming layer <2020/03/25>
 ***********


LaTeX Font Warning: Some font shapes were not available, defaults substituted.

Package rerunfilecheck Info: File `bindu.out' has not changed.
(rerunfilecheck)             Checksum: 39E77370C02CCFF9CC47C6981EE5BC98;1388.
Package logreq Info: Writing requests to 'bindu.run.xml'.

\openout1 = bindu.run.xml
)

Here is how much of LuaTeX's memory you used:
 47518 strings out of 476435
 100000,2373549 words of node,token memory allocated
 1489 words of node memory still in use:
   6 hlist, 1 vlist, 1 rule, 1 local_par, 5 glue, 3 kern, 1 penalty, 6 glyph, 32
 attribute, 220 glue_spec, 17 attribute_list, 2 shape, 4 write, 2 pdf_action, 4 
pdf_colorstack nodes
   avail lists: 1:1,2:597,3:147,4:41,5:279,6:35,7:2816,8:2,9:258,10:21,11:224
 68470 multiletter control sequences out of 65536+600000
 81 fonts using 14191567 bytes
 95i,11n,102p,2051b,3755s stack positions out of 10000i,1000n,20000p,200000b,200000s
</home/enjotel/.local/share/fonts/Vollkorn-Italic-VariableFont_wght.ttf></home/e
njotel/.local/share/fonts/Vollkorn-SemiBoldItalic.ttf></home/enjotel/.local/shar
e/fonts/Vollkorn-SemiBold.ttf></home/enjotel/.local/share/fonts/Vollkorn-Variabl
eFont_wght.ttf>
Output written on bindu.pdf (23 pages, 5399167 bytes).

PDF statistics: 233 PDF objects out of 1000 (max. 8388607)
 189 compressed objects within 2 object streams
 46 named destinations out of 1000 (max. 131072)
 104 words of extra memory for PDF output out of 10000 (max. 100000000)

